==== 2026-03-11 01:12:48 experiment run ====
+ [[ reference == \m\y\_\p\o\l\i\c\y ]]
+ trap cleanup_fault EXIT
++ now_epoch_ms
++ python3 -
+ RUN_START_EPOCH_MS=1773191568432
+ ensure_prereq
+ bash /home/shaohui.young/mesh-tracing-scripts/scripts/00_prereq_check.sh
[INFO] Checking kubectl version...
Client Version: v1.35.2
Kustomize Version: v5.7.1
[INFO] Checking istioctl version...
client version: 1.29.0
[INFO] Checking helm version...
version.BuildInfo{Version:"v3.20.0", GitCommit:"b2e4314fa0f229a1de7b4c981273f61d69ee5a59", GitTreeState:"clean", GoVersion:"go1.25.6"}
[INFO] Checking minikube status...
minikube
type: Control Plane
host: Running
kubelet: Running
apiserver: Running
kubeconfig: Configured

minikube-m02
type: Worker
host: Running
kubelet: Running

[INFO] Checking kubectl connectivity...
NAME           STATUS   ROLES           AGE   VERSION   INTERNAL-IP    EXTERNAL-IP   OS-IMAGE                         KERNEL-VERSION    CONTAINER-RUNTIME
minikube       Ready    control-plane   24h   v1.35.1   192.168.49.2   <none>        Debian GNU/Linux 12 (bookworm)   6.17.0-1007-gcp   docker://29.2.1
minikube-m02   Ready    <none>          24h   v1.35.1   192.168.49.3   <none>        Debian GNU/Linux 12 (bookworm)   6.17.0-1007-gcp   docker://29.2.1
[INFO] Validation: checking Istio CRDs visibility (may be empty before install)...
authorizationpolicies.security.istio.io     2026-03-10T00:38:55Z
destinationrules.networking.istio.io        2026-03-10T00:38:54Z
envoyfilters.networking.istio.io            2026-03-10T00:38:54Z
gateways.networking.istio.io                2026-03-10T00:38:54Z
peerauthentications.security.istio.io       2026-03-10T00:38:55Z
proxyconfigs.networking.istio.io            2026-03-10T00:38:54Z
requestauthentications.security.istio.io    2026-03-10T00:38:55Z
serviceentries.networking.istio.io          2026-03-10T00:38:54Z
sidecars.networking.istio.io                2026-03-10T00:38:54Z
telemetries.telemetry.istio.io              2026-03-10T00:38:55Z
virtualservices.networking.istio.io         2026-03-10T00:38:54Z
wasmplugins.extensions.istio.io             2026-03-10T00:38:53Z
workloadentries.networking.istio.io         2026-03-10T00:38:54Z
workloadgroups.networking.istio.io          2026-03-10T00:38:54Z
[INFO] Prerequisite checks completed.
+ ensure_istio
+ kubectl -n istio-system get deploy istiod
+ ensure_app
+ local key_deploy=productpage
+ [[ onlineboutique == \o\n\l\i\n\e\b\o\u\t\i\q\u\e ]]
+ key_deploy=frontend
+ kubectl -n ob-app get deploy frontend
+ ensure_observability
+ kubectl -n observability get deploy otel-collector
+ parse_target
+ local raw_target=service=productcatalogservice
+ [[ -z service=productcatalogservice ]]
+ [[ -z service=productcatalogservice ]]
+ [[ service=productcatalogservice == *\-\>* ]]
+ [[ service=productcatalogservice == service=* ]]
+ FAULT_TARGET_TYPE=service
+ SOURCE_SERVICE=
+ TARGET_SERVICE=productcatalogservice
+ FAULT_TARGET=service=productcatalogservice
+ [[ -z '' ]]
++ detect_target_url
++ local path=/
++ [[ onlineboutique == \b\o\o\k\i\n\f\o ]]
++ command -v minikube
++ minikube status
++ local ip nodeport
+++ minikube ip
++ ip=192.168.49.2
+++ kubectl -n istio-system get svc istio-ingressgateway -o 'jsonpath={.spec.ports[?(@.name=="http2")].nodePort}'
++ nodeport=30301
++ [[ -n 192.168.49.2 ]]
++ [[ -n 30301 ]]
++ echo http://192.168.49.2:30301/
++ return 0
+ TARGET_URL=http://192.168.49.2:30301/
+ [[ -n http://192.168.49.2:30301/ ]]
+ resolve_output_dir
+ [[ -z '' ]]
++ date +%Y%m%d_%H%M%S
++ sanitize_component onlineboutique
++ echo onlineboutique
++ tr '[:upper:]' '[:lower:]'
++ tr -cs a-z0-9._- -
++ sanitize_component reference
++ echo reference
++ tr '[:upper:]' '[:lower:]'
++ tr -cs a-z0-9._- -
++ sanitize_component high
++ echo high
++ tr '[:upper:]' '[:lower:]'
++ tr -cs a-z0-9._- -
+ RUN_ID=20260311_011253_onlineboutique-_reference-_high-
++ sanitize_component low
++ echo low
++ tr '[:upper:]' '[:lower:]'
++ tr -cs a-z0-9._- -
++ sanitize_component delay
++ echo delay
++ tr '[:upper:]' '[:lower:]'
++ tr -cs a-z0-9._- -
+ RUN_ID+=_low-_delay-
++ sanitize_component service
++ echo service
++ tr '[:upper:]' '[:lower:]'
++ tr -cs a-z0-9._- -
+ RUN_ID+=_service-
+ [[ -n service=productcatalogservice ]]
++ sanitize_component service=productcatalogservice
++ echo service=productcatalogservice
++ tr '[:upper:]' '[:lower:]'
++ tr -cs a-z0-9._- -
+ RUN_ID+=_service-productcatalogservice-
++ sanitize_component 1
++ echo 1
++ tr '[:upper:]' '[:lower:]'
++ tr -cs a-z0-9._- -
+ RUN_ID+=_r1-
+ [[ -n '' ]]
+ OUT_DIR=/home/shaohui.young/mesh-tracing-scripts/results/runs/20260311_011253_onlineboutique-_reference-_high-_low-_delay-_service-_service-productcatalogservice-_r1-
+ mkdir -p /home/shaohui.young/mesh-tracing-scripts/results/runs/20260311_011253_onlineboutique-_reference-_high-_low-_delay-_service-_service-productcatalogservice-_r1-/load /home/shaohui.young/mesh-tracing-scripts/results/runs/20260311_011253_onlineboutique-_reference-_high-_low-_delay-_service-_service-productcatalogservice-_r1-/fault /home/shaohui.young/mesh-tracing-scripts/results/runs/20260311_011253_onlineboutique-_reference-_high-_low-_delay-_service-_service-productcatalogservice-_r1-/utility
+ write_run_context
+ python3 - /home/shaohui.young/mesh-tracing-scripts/results/runs/20260311_011253_onlineboutique-_reference-_high-_low-_delay-_service-_service-productcatalogservice-_r1-/run_context.json 20260311_011253_onlineboutique-_reference-_high-_low-_delay-_service-_service-productcatalogservice-_r1- onlineboutique reference reference high high implemented low 50 60 delay service service=productcatalogservice '' productcatalogservice ob-app observability istio-system 1 '' http://192.168.49.2:30301/ 200 500 10 1773191568432 '' '' '' ''
+ write_utility_placeholders
+ python3 - /home/shaohui.young/mesh-tracing-scripts/results/runs/20260311_011253_onlineboutique-_reference-_high-_low-_delay-_service-_service-productcatalogservice-_r1-/utility/rca_ranking.json service=productcatalogservice productcatalogservice
+ python3 - /home/shaohui.young/mesh-tracing-scripts/results/runs/20260311_011253_onlineboutique-_reference-_high-_low-_delay-_service-_service-productcatalogservice-_r1-/utility/critical_path.json
+ bash /home/shaohui.young/mesh-tracing-scripts/scripts/04_apply_sampling_policy.sh --policy reference --budget high --namespace observability --app onlineboutique --app-namespace ob-app
+ [[ reference =~ ^(baseline_head|baseline_tail|ours)$ ]]
+ log 'Applying sampling policy ConfigMap for policy=reference, budget=high'
+ echo '[INFO] Applying sampling policy ConfigMap for policy=reference, budget=high'
[INFO] Applying sampling policy ConfigMap for policy=reference, budget=high
+ [[ reference =~ ^(baseline_head|baseline_tail|ours)$ ]]
+ apply_generated_policy reference high
+ local generated_policy=reference
+ local generated_budget=high
+ local percentage=100
+ case "${generated_budget}" in
+ percentage=100
+ [[ reference == \r\e\f\e\r\e\n\c\e ]]
+ kubectl apply -n observability -f -
configmap/otel-collector-config configured
+ TELEMETRY_SAMPLING=100.0
+ [[ reference == \n\o\_\t\r\a\c\i\n\g ]]
+ kubectl apply -n ob-app -f -
telemetry.telemetry.istio.io/tracing-default unchanged
+ log 'Rolling restart collector deployment...'
+ echo '[INFO] Rolling restart collector deployment...'
[INFO] Rolling restart collector deployment...
+ kubectl -n observability rollout restart deployment/otel-collector
deployment.apps/otel-collector restarted
+ kubectl -n observability rollout status deployment/otel-collector --timeout=240s
Waiting for deployment "otel-collector" rollout to finish: 1 old replicas are pending termination...
Waiting for deployment "otel-collector" rollout to finish: 1 old replicas are pending termination...
deployment "otel-collector" successfully rolled out
+ log 'Current effective config summary (otel-collector-config.data.config.yaml):'
+ echo '[INFO] Current effective config summary (otel-collector-config.data.config.yaml):'
[INFO] Current effective config summary (otel-collector-config.data.config.yaml):
+ kubectl get configmap otel-collector-config -n observability -o 'go-template={{index .data "config.yaml"}}'
+ awk '
      /processors:/ {inproc=1}
      inproc==1 && /exporters:/ {inproc=0}
      inproc==1 {print}
    '
processors:
  probabilistic_sampler:
    sampling_percentage: 100
  batch:
    timeout: 1s
      processors: [probabilistic_sampler, batch]
+ echo 'telemetry_sampling_percentage: 100.0'
telemetry_sampling_percentage: 100.0
+ log 'Simple verification by Jaeger trace count (same traffic, switch budget low/mid/high and compare):'
+ echo '[INFO] Simple verification by Jaeger trace count (same traffic, switch budget low/mid/high and compare):'
[INFO] Simple verification by Jaeger trace count (same traffic, switch budget low/mid/high and compare):
+ PF_PID=341060
+ kubectl -n observability port-forward svc/jaeger-query 16688:16686
+ trap 'kill ${PF_PID:-} >/dev/null 2>&1 || true' EXIT
+ sleep 3
+ [[ -z onlineboutique ]]
+ [[ onlineboutique == \o\n\l\i\n\e\b\o\u\t\i\q\u\e ]]
+ JAEGER_CANDIDATES=("frontend.${APP_NAMESPACE}" "frontend")
+ JAEGER_SERVICE_NAME=frontend.ob-app
+ TRACE_CNT=NA
+ for svc in "${JAEGER_CANDIDATES[@]}"
++ curl -fsS 'http://127.0.0.1:16688/api/traces?service=frontend.ob-app&lookback=15m&limit=200'
++ python3 -c 'import json,sys; d=json.load(sys.stdin); print(len(d.get("data", [])))'
+ cnt=200
+ JAEGER_SERVICE_NAME=frontend.ob-app
+ TRACE_CNT=200
+ [[ 200 != \N\A ]]
+ [[ 200 != \0 ]]
+ break
+ echo 'trace_count_last_15m(service=frontend.ob-app, limit=200): 200'
trace_count_last_15m(service=frontend.ob-app, limit=200): 200
+ echo check_command:
check_command:
+ echo 'curl -fsS "http://127.0.0.1:16688/api/traces?service=frontend.ob-app&lookback=15m&limit=200" | python3 -c '\''import json,sys; d=json.load(sys.stdin); print(len(d.get("data", [])))'\'''
curl -fsS "http://127.0.0.1:16688/api/traces?service=frontend.ob-app&lookback=15m&limit=200" | python3 -c 'import json,sys; d=json.load(sys.stdin); print(len(d.get("data", [])))'
+ [[ reference == \n\o\_\t\r\a\c\i\n\g ]]
+ echo 'expected: with same load pattern, low < mid < high (trace count or exported spans/sec).'
expected: with same load pattern, low < mid < high (trace count or exported spans/sec).
+ kill 341060
+ trap - EXIT
+ log 'Sampling policy applied successfully: policy=reference, budget=high, namespace=observability'
+ echo '[INFO] Sampling policy applied successfully: policy=reference, budget=high, namespace=observability'
[INFO] Sampling policy applied successfully: policy=reference, budget=high, namespace=observability
+ log 'Log file: /home/shaohui.young/mesh-tracing-scripts/results/sampling.log'
+ echo '[INFO] Log file: /home/shaohui.young/mesh-tracing-scripts/results/sampling.log'
[INFO] Log file: /home/shaohui.young/mesh-tracing-scripts/results/sampling.log
+ WARMUP_SEC=60
+ FAULT_PHASE_SEC=36
+ FAULT_START_AFTER_WARMUP=12
+ TOTAL_LOAD_SEC=120
++ date +%H%M%S
+ LOAD_JOB_NAME=loadgen-exp-011304
+ kubectl delete job loadgen-exp-011304 -n ob-app --ignore-not-found
++ now_epoch_ms
++ python3 -
+ LOAD_START_EPOCH_MS=1773191584628
+ write_run_context
+ python3 - /home/shaohui.young/mesh-tracing-scripts/results/runs/20260311_011253_onlineboutique-_reference-_high-_low-_delay-_service-_service-productcatalogservice-_r1-/run_context.json 20260311_011253_onlineboutique-_reference-_high-_low-_delay-_service-_service-productcatalogservice-_r1- onlineboutique reference reference high high implemented low 50 60 delay service service=productcatalogservice '' productcatalogservice ob-app observability istio-system 1 '' http://192.168.49.2:30301/ 200 500 10 1773191568432 1773191584628 '' '' ''
+ kubectl apply -n ob-app -f -
job.batch/loadgen-exp-011304 created
+ sleep 60
+ sleep 12
+ [[ delay != \n\o\n\e ]]
+ fault_args=()
+ [[ -n '' ]]
++ now_epoch_ms
++ python3 -
+ FAULT_APPLY_EPOCH_MS=1773191656933
+ write_run_context
+ python3 - /home/shaohui.young/mesh-tracing-scripts/results/runs/20260311_011253_onlineboutique-_reference-_high-_low-_delay-_service-_service-productcatalogservice-_r1-/run_context.json 20260311_011253_onlineboutique-_reference-_high-_low-_delay-_service-_service-productcatalogservice-_r1- onlineboutique reference reference high high implemented low 50 60 delay service service=productcatalogservice '' productcatalogservice ob-app observability istio-system 1 '' http://192.168.49.2:30301/ 200 500 10 1773191568432 1773191584628 1773191656933 '' ''
+ bash /home/shaohui.young/mesh-tracing-scripts/scripts/05_inject_fault.sh --apply --fault delay --target_service productcatalogservice --fixed_delay_ms 200 --http_status 500 --percentage 10 --namespace ob-app --obs-namespace observability --target_url http://192.168.49.2:30301/ --output-dir /home/shaohui.young/mesh-tracing-scripts/results/runs/20260311_011253_onlineboutique-_reference-_high-_low-_delay-_service-_service-productcatalogservice-_r1-
+ [[ -n /home/shaohui.young/mesh-tracing-scripts/results/runs/20260311_011253_onlineboutique-_reference-_high-_low-_delay-_service-_service-productcatalogservice-_r1- ]]
+ case "${OUTPUT_DIR}" in
+ FAULT_DIR=/home/shaohui.young/mesh-tracing-scripts/results/runs/20260311_011253_onlineboutique-_reference-_high-_low-_delay-_service-_service-productcatalogservice-_r1-/fault
+ mkdir -p /home/shaohui.young/mesh-tracing-scripts/results/runs/20260311_011253_onlineboutique-_reference-_high-_low-_delay-_service-_service-productcatalogservice-_r1-/fault
+ kubectl get svc productcatalogservice -n ob-app
+ [[ -n '' ]]
+ [[ -z http://192.168.49.2:30301/ ]]
+ before_p95=NA
+ before_err=NA
+ PROM_PF_PID=342058
+ trap 'kill ${PROM_PF_PID:-} >/dev/null 2>&1 || true' EXIT
+ sleep 3
+ kubectl -n observability port-forward svc/obs-kube-prometheus-stack-prometheus 19092:9090
+ P95_QUERY='histogram_quantile(0.95, sum(rate(istio_request_duration_milliseconds_bucket{destination_service_name="productcatalogservice"}[2m])) by (le))'
+ ERR_QUERY='sum(rate(istio_requests_total{destination_service_name="productcatalogservice",response_code=~"5.."}[2m])) / clamp_min(sum(rate(istio_requests_total{destination_service_name="productcatalogservice"}[2m])), 0.0001)'
+ BEFORE_P95_FILE=
+ BEFORE_ERR_FILE=
+ AFTER_P95_FILE=
+ AFTER_ERR_FILE=
+ RENDERED_FILE=
+ [[ -n /home/shaohui.young/mesh-tracing-scripts/results/runs/20260311_011253_onlineboutique-_reference-_high-_low-_delay-_service-_service-productcatalogservice-_r1-/fault ]]
+ BEFORE_P95_FILE=/home/shaohui.young/mesh-tracing-scripts/results/runs/20260311_011253_onlineboutique-_reference-_high-_low-_delay-_service-_service-productcatalogservice-_r1-/fault/apply_before_p95.json
+ BEFORE_ERR_FILE=/home/shaohui.young/mesh-tracing-scripts/results/runs/20260311_011253_onlineboutique-_reference-_high-_low-_delay-_service-_service-productcatalogservice-_r1-/fault/apply_before_error_rate.json
+ AFTER_P95_FILE=/home/shaohui.young/mesh-tracing-scripts/results/runs/20260311_011253_onlineboutique-_reference-_high-_low-_delay-_service-_service-productcatalogservice-_r1-/fault/apply_after_p95.json
+ AFTER_ERR_FILE=/home/shaohui.young/mesh-tracing-scripts/results/runs/20260311_011253_onlineboutique-_reference-_high-_low-_delay-_service-_service-productcatalogservice-_r1-/fault/apply_after_error_rate.json
+ RENDERED_FILE=/home/shaohui.young/mesh-tracing-scripts/results/runs/20260311_011253_onlineboutique-_reference-_high-_low-_delay-_service-_service-productcatalogservice-_r1-/fault/apply_fault-delay-any-to-productcatalogservice.yaml
++ query_prom 'histogram_quantile(0.95, sum(rate(istio_request_duration_milliseconds_bucket{destination_service_name="productcatalogservice"}[2m])) by (le))'
+ p95_json='{"status":"success","data":{"resultType":"vector","result":[]}}'
++ printf %s '{"status":"success","data":{"resultType":"vector","result":[]}}'
++ extract_prom_value
+ before_p95=NA
+ [[ -n /home/shaohui.young/mesh-tracing-scripts/results/runs/20260311_011253_onlineboutique-_reference-_high-_low-_delay-_service-_service-productcatalogservice-_r1-/fault/apply_before_p95.json ]]
+ printf '%s\n' '{"status":"success","data":{"resultType":"vector","result":[]}}'
++ query_prom 'sum(rate(istio_requests_total{destination_service_name="productcatalogservice",response_code=~"5.."}[2m])) / clamp_min(sum(rate(istio_requests_total{destination_service_name="productcatalogservice"}[2m])), 0.0001)'
+ err_json='{"status":"success","data":{"resultType":"vector","result":[]}}'
++ printf %s '{"status":"success","data":{"resultType":"vector","result":[]}}'
++ extract_prom_value
+ before_err=NA
+ [[ -n /home/shaohui.young/mesh-tracing-scripts/results/runs/20260311_011253_onlineboutique-_reference-_high-_low-_delay-_service-_service-productcatalogservice-_r1-/fault/apply_before_error_rate.json ]]
+ printf '%s\n' '{"status":"success","data":{"resultType":"vector","result":[]}}'
+ [[ true == true ]]
+ [[ -z '' ]]
+ [[ delay == \d\e\l\a\y ]]
+ [[ -n /home/shaohui.young/mesh-tracing-scripts/results/runs/20260311_011253_onlineboutique-_reference-_high-_low-_delay-_service-_service-productcatalogservice-_r1-/fault/apply_fault-delay-any-to-productcatalogservice.yaml ]]
+ cat
+ kubectl apply -n ob-app -f /home/shaohui.young/mesh-tracing-scripts/results/runs/20260311_011253_onlineboutique-_reference-_high-_low-_delay-_service-_service-productcatalogservice-_r1-/fault/apply_fault-delay-any-to-productcatalogservice.yaml
virtualservice.networking.istio.io/fault-delay-any-to-productcatalogservice created
+ kubectl get virtualservice fault-delay-any-to-productcatalogservice -n ob-app
NAME                                       GATEWAYS   HOSTS                       AGE
fault-delay-any-to-productcatalogservice              ["productcatalogservice"]   0s
+ sleep 20
+ after_p95=NA
+ after_err=NA
++ query_prom 'histogram_quantile(0.95, sum(rate(istio_request_duration_milliseconds_bucket{destination_service_name="productcatalogservice"}[2m])) by (le))'
+ p95_json2='{"status":"success","data":{"resultType":"vector","result":[]}}'
++ printf %s '{"status":"success","data":{"resultType":"vector","result":[]}}'
++ extract_prom_value
+ after_p95=NA
+ [[ -n /home/shaohui.young/mesh-tracing-scripts/results/runs/20260311_011253_onlineboutique-_reference-_high-_low-_delay-_service-_service-productcatalogservice-_r1-/fault/apply_after_p95.json ]]
+ printf '%s\n' '{"status":"success","data":{"resultType":"vector","result":[]}}'
++ query_prom 'sum(rate(istio_requests_total{destination_service_name="productcatalogservice",response_code=~"5.."}[2m])) / clamp_min(sum(rate(istio_requests_total{destination_service_name="productcatalogservice"}[2m])), 0.0001)'
+ err_json2='{"status":"success","data":{"resultType":"vector","result":[]}}'
++ printf %s '{"status":"success","data":{"resultType":"vector","result":[]}}'
++ extract_prom_value
+ after_err=NA
+ [[ -n /home/shaohui.young/mesh-tracing-scripts/results/runs/20260311_011253_onlineboutique-_reference-_high-_low-_delay-_service-_service-productcatalogservice-_r1-/fault/apply_after_error_rate.json ]]
+ printf '%s\n' '{"status":"success","data":{"resultType":"vector","result":[]}}'
+ log 'Simple runtime check via curl (inside cluster DNS): http://192.168.49.2:30301/'
+ echo '[INFO] Simple runtime check via curl (inside cluster DNS): http://192.168.49.2:30301/'
[INFO] Simple runtime check via curl (inside cluster DNS): http://192.168.49.2:30301/
+ ok=0
+ fail=0
++ seq 1 20
+ for _ in $(seq 1 20)
++ curl -s -o /dev/null -w '%{http_code}' --max-time 5 http://192.168.49.2:30301/
+ code=200
+ [[ 200 =~ ^2|3|4 ]]
+ ok=1
+ for _ in $(seq 1 20)
++ curl -s -o /dev/null -w '%{http_code}' --max-time 5 http://192.168.49.2:30301/
+ code=200
+ [[ 200 =~ ^2|3|4 ]]
+ ok=2
+ for _ in $(seq 1 20)
++ curl -s -o /dev/null -w '%{http_code}' --max-time 5 http://192.168.49.2:30301/
+ code=200
+ [[ 200 =~ ^2|3|4 ]]
+ ok=3
+ for _ in $(seq 1 20)
++ curl -s -o /dev/null -w '%{http_code}' --max-time 5 http://192.168.49.2:30301/
+ code=200
+ [[ 200 =~ ^2|3|4 ]]
+ ok=4
+ for _ in $(seq 1 20)
++ curl -s -o /dev/null -w '%{http_code}' --max-time 5 http://192.168.49.2:30301/
+ code=200
+ [[ 200 =~ ^2|3|4 ]]
+ ok=5
+ for _ in $(seq 1 20)
++ curl -s -o /dev/null -w '%{http_code}' --max-time 5 http://192.168.49.2:30301/
+ code=200
+ [[ 200 =~ ^2|3|4 ]]
+ ok=6
+ for _ in $(seq 1 20)
++ curl -s -o /dev/null -w '%{http_code}' --max-time 5 http://192.168.49.2:30301/
+ code=200
+ [[ 200 =~ ^2|3|4 ]]
+ ok=7
+ for _ in $(seq 1 20)
++ curl -s -o /dev/null -w '%{http_code}' --max-time 5 http://192.168.49.2:30301/
+ code=200
+ [[ 200 =~ ^2|3|4 ]]
+ ok=8
+ for _ in $(seq 1 20)
++ curl -s -o /dev/null -w '%{http_code}' --max-time 5 http://192.168.49.2:30301/
+ code=200
+ [[ 200 =~ ^2|3|4 ]]
+ ok=9
+ for _ in $(seq 1 20)
++ curl -s -o /dev/null -w '%{http_code}' --max-time 5 http://192.168.49.2:30301/
+ code=200
+ [[ 200 =~ ^2|3|4 ]]
+ ok=10
+ for _ in $(seq 1 20)
++ curl -s -o /dev/null -w '%{http_code}' --max-time 5 http://192.168.49.2:30301/
+ code=200
+ [[ 200 =~ ^2|3|4 ]]
+ ok=11
+ for _ in $(seq 1 20)
++ curl -s -o /dev/null -w '%{http_code}' --max-time 5 http://192.168.49.2:30301/
+ code=200
+ [[ 200 =~ ^2|3|4 ]]
+ ok=12
+ for _ in $(seq 1 20)
++ curl -s -o /dev/null -w '%{http_code}' --max-time 5 http://192.168.49.2:30301/
+ code=200
+ [[ 200 =~ ^2|3|4 ]]
+ ok=13
+ for _ in $(seq 1 20)
++ curl -s -o /dev/null -w '%{http_code}' --max-time 5 http://192.168.49.2:30301/
+ code=200
+ [[ 200 =~ ^2|3|4 ]]
+ ok=14
+ for _ in $(seq 1 20)
++ curl -s -o /dev/null -w '%{http_code}' --max-time 5 http://192.168.49.2:30301/
+ code=200
+ [[ 200 =~ ^2|3|4 ]]
+ ok=15
+ for _ in $(seq 1 20)
++ curl -s -o /dev/null -w '%{http_code}' --max-time 5 http://192.168.49.2:30301/
+ code=200
+ [[ 200 =~ ^2|3|4 ]]
+ ok=16
+ for _ in $(seq 1 20)
++ curl -s -o /dev/null -w '%{http_code}' --max-time 5 http://192.168.49.2:30301/
+ code=200
+ [[ 200 =~ ^2|3|4 ]]
+ ok=17
+ for _ in $(seq 1 20)
++ curl -s -o /dev/null -w '%{http_code}' --max-time 5 http://192.168.49.2:30301/
+ code=200
+ [[ 200 =~ ^2|3|4 ]]
+ ok=18
+ for _ in $(seq 1 20)
++ curl -s -o /dev/null -w '%{http_code}' --max-time 5 http://192.168.49.2:30301/
+ code=200
+ [[ 200 =~ ^2|3|4 ]]
+ ok=19
+ for _ in $(seq 1 20)
++ curl -s -o /dev/null -w '%{http_code}' --max-time 5 http://192.168.49.2:30301/
+ code=200
+ [[ 200 =~ ^2|3|4 ]]
+ ok=20
++ [[ true == true ]]
++ echo apply
+ echo 'Fault action: apply'
Fault action: apply
+ echo 'Fault name: fault-delay-any-to-productcatalogservice'
Fault name: fault-delay-any-to-productcatalogservice
+ echo 'Fault type: delay'
Fault type: delay
+ echo 'Namespace: ob-app'
Namespace: ob-app
+ echo 'Source service: any'
Source service: any
+ echo 'Target service: productcatalogservice'
Target service: productcatalogservice
+ echo 'Prometheus P95 before/after: NA -> NA'
Prometheus P95 before/after: NA -> NA
+ echo 'Prometheus error_rate before/after: NA -> NA'
Prometheus error_rate before/after: NA -> NA
+ echo 'Curl success/fail (20 req): 20/0'
Curl success/fail (20 req): 20/0
+ echo 'Prometheus query (P95): histogram_quantile(0.95, sum(rate(istio_request_duration_milliseconds_bucket{destination_service_name="productcatalogservice"}[2m])) by (le))'
Prometheus query (P95): histogram_quantile(0.95, sum(rate(istio_request_duration_milliseconds_bucket{destination_service_name="productcatalogservice"}[2m])) by (le))
+ echo 'Prometheus query (error rate): sum(rate(istio_requests_total{destination_service_name="productcatalogservice",response_code=~"5.."}[2m])) / clamp_min(sum(rate(istio_requests_total{destination_service_name="productcatalogservice"}[2m])), 0.0001)'
Prometheus query (error rate): sum(rate(istio_requests_total{destination_service_name="productcatalogservice",response_code=~"5.."}[2m])) / clamp_min(sum(rate(istio_requests_total{destination_service_name="productcatalogservice"}[2m])), 0.0001)
+ [[ -n /home/shaohui.young/mesh-tracing-scripts/results/runs/20260311_011253_onlineboutique-_reference-_high-_low-_delay-_service-_service-productcatalogservice-_r1-/fault ]]
+ python3 - /home/shaohui.young/mesh-tracing-scripts/results/runs/20260311_011253_onlineboutique-_reference-_high-_low-_delay-_service-_service-productcatalogservice-_r1-/fault/apply_summary.json fault-delay-any-to-productcatalogservice apply delay ob-app '' productcatalogservice 200 500 10 http://192.168.49.2:30301/ NA NA NA NA 20 0 'histogram_quantile(0.95, sum(rate(istio_request_duration_milliseconds_bucket{destination_service_name="productcatalogservice"}[2m])) by (le))' 'sum(rate(istio_requests_total{destination_service_name="productcatalogservice",response_code=~"5.."}[2m])) / clamp_min(sum(rate(istio_requests_total{destination_service_name="productcatalogservice"}[2m])), 0.0001)' /home/shaohui.young/mesh-tracing-scripts/results/runs/20260311_011253_onlineboutique-_reference-_high-_low-_delay-_service-_service-productcatalogservice-_r1-/fault/apply_before_p95.json /home/shaohui.young/mesh-tracing-scripts/results/runs/20260311_011253_onlineboutique-_reference-_high-_low-_delay-_service-_service-productcatalogservice-_r1-/fault/apply_after_p95.json /home/shaohui.young/mesh-tracing-scripts/results/runs/20260311_011253_onlineboutique-_reference-_high-_low-_delay-_service-_service-productcatalogservice-_r1-/fault/apply_before_error_rate.json /home/shaohui.young/mesh-tracing-scripts/results/runs/20260311_011253_onlineboutique-_reference-_high-_low-_delay-_service-_service-productcatalogservice-_r1-/fault/apply_after_error_rate.json /home/shaohui.young/mesh-tracing-scripts/results/runs/20260311_011253_onlineboutique-_reference-_high-_low-_delay-_service-_service-productcatalogservice-_r1-/fault/apply_fault-delay-any-to-productcatalogservice.yaml
+ kill 342058
+ trap - EXIT
+ log 'Fault operation completed. Log file: /home/shaohui.young/mesh-tracing-scripts/results/fault.log'
+ echo '[INFO] Fault operation completed. Log file: /home/shaohui.young/mesh-tracing-scripts/results/fault.log'
[INFO] Fault operation completed. Log file: /home/shaohui.young/mesh-tracing-scripts/results/fault.log
+ FAULT_APPLIED=true
+ sleep 36
+ bash /home/shaohui.young/mesh-tracing-scripts/scripts/05_inject_fault.sh --clear --fault delay --target_service productcatalogservice --namespace ob-app --obs-namespace observability --target_url http://192.168.49.2:30301/ --output-dir /home/shaohui.young/mesh-tracing-scripts/results/runs/20260311_011253_onlineboutique-_reference-_high-_low-_delay-_service-_service-productcatalogservice-_r1-
+ [[ -n /home/shaohui.young/mesh-tracing-scripts/results/runs/20260311_011253_onlineboutique-_reference-_high-_low-_delay-_service-_service-productcatalogservice-_r1- ]]
+ case "${OUTPUT_DIR}" in
+ FAULT_DIR=/home/shaohui.young/mesh-tracing-scripts/results/runs/20260311_011253_onlineboutique-_reference-_high-_low-_delay-_service-_service-productcatalogservice-_r1-/fault
+ mkdir -p /home/shaohui.young/mesh-tracing-scripts/results/runs/20260311_011253_onlineboutique-_reference-_high-_low-_delay-_service-_service-productcatalogservice-_r1-/fault
+ kubectl get svc productcatalogservice -n ob-app
+ [[ -n '' ]]
+ [[ -z http://192.168.49.2:30301/ ]]
+ before_p95=NA
+ before_err=NA
+ PROM_PF_PID=342795
+ trap 'kill ${PROM_PF_PID:-} >/dev/null 2>&1 || true' EXIT
+ sleep 3
+ kubectl -n observability port-forward svc/obs-kube-prometheus-stack-prometheus 19092:9090
+ P95_QUERY='histogram_quantile(0.95, sum(rate(istio_request_duration_milliseconds_bucket{destination_service_name="productcatalogservice"}[2m])) by (le))'
+ ERR_QUERY='sum(rate(istio_requests_total{destination_service_name="productcatalogservice",response_code=~"5.."}[2m])) / clamp_min(sum(rate(istio_requests_total{destination_service_name="productcatalogservice"}[2m])), 0.0001)'
+ BEFORE_P95_FILE=
+ BEFORE_ERR_FILE=
+ AFTER_P95_FILE=
+ AFTER_ERR_FILE=
+ RENDERED_FILE=
+ [[ -n /home/shaohui.young/mesh-tracing-scripts/results/runs/20260311_011253_onlineboutique-_reference-_high-_low-_delay-_service-_service-productcatalogservice-_r1-/fault ]]
+ BEFORE_P95_FILE=/home/shaohui.young/mesh-tracing-scripts/results/runs/20260311_011253_onlineboutique-_reference-_high-_low-_delay-_service-_service-productcatalogservice-_r1-/fault/clear_before_p95.json
+ BEFORE_ERR_FILE=/home/shaohui.young/mesh-tracing-scripts/results/runs/20260311_011253_onlineboutique-_reference-_high-_low-_delay-_service-_service-productcatalogservice-_r1-/fault/clear_before_error_rate.json
+ AFTER_P95_FILE=/home/shaohui.young/mesh-tracing-scripts/results/runs/20260311_011253_onlineboutique-_reference-_high-_low-_delay-_service-_service-productcatalogservice-_r1-/fault/clear_after_p95.json
+ AFTER_ERR_FILE=/home/shaohui.young/mesh-tracing-scripts/results/runs/20260311_011253_onlineboutique-_reference-_high-_low-_delay-_service-_service-productcatalogservice-_r1-/fault/clear_after_error_rate.json
+ RENDERED_FILE=/home/shaohui.young/mesh-tracing-scripts/results/runs/20260311_011253_onlineboutique-_reference-_high-_low-_delay-_service-_service-productcatalogservice-_r1-/fault/clear_fault-delay-any-to-productcatalogservice.yaml
++ query_prom 'histogram_quantile(0.95, sum(rate(istio_request_duration_milliseconds_bucket{destination_service_name="productcatalogservice"}[2m])) by (le))'
+ p95_json='{"status":"success","data":{"resultType":"vector","result":[]}}'
++ printf %s '{"status":"success","data":{"resultType":"vector","result":[]}}'
++ extract_prom_value
+ before_p95=NA
+ [[ -n /home/shaohui.young/mesh-tracing-scripts/results/runs/20260311_011253_onlineboutique-_reference-_high-_low-_delay-_service-_service-productcatalogservice-_r1-/fault/clear_before_p95.json ]]
+ printf '%s\n' '{"status":"success","data":{"resultType":"vector","result":[]}}'
++ query_prom 'sum(rate(istio_requests_total{destination_service_name="productcatalogservice",response_code=~"5.."}[2m])) / clamp_min(sum(rate(istio_requests_total{destination_service_name="productcatalogservice"}[2m])), 0.0001)'
+ err_json='{"status":"success","data":{"resultType":"vector","result":[]}}'
++ printf %s '{"status":"success","data":{"resultType":"vector","result":[]}}'
++ extract_prom_value
+ before_err=NA
+ [[ -n /home/shaohui.young/mesh-tracing-scripts/results/runs/20260311_011253_onlineboutique-_reference-_high-_low-_delay-_service-_service-productcatalogservice-_r1-/fault/clear_before_error_rate.json ]]
+ printf '%s\n' '{"status":"success","data":{"resultType":"vector","result":[]}}'
+ [[ false == true ]]
+ kubectl delete virtualservice fault-delay-any-to-productcatalogservice -n ob-app --ignore-not-found
virtualservice.networking.istio.io "fault-delay-any-to-productcatalogservice" deleted from ob-app namespace
+ sleep 20
+ after_p95=NA
+ after_err=NA
++ query_prom 'histogram_quantile(0.95, sum(rate(istio_request_duration_milliseconds_bucket{destination_service_name="productcatalogservice"}[2m])) by (le))'
+ p95_json2='{"status":"success","data":{"resultType":"vector","result":[]}}'
++ printf %s '{"status":"success","data":{"resultType":"vector","result":[]}}'
++ extract_prom_value
+ after_p95=NA
+ [[ -n /home/shaohui.young/mesh-tracing-scripts/results/runs/20260311_011253_onlineboutique-_reference-_high-_low-_delay-_service-_service-productcatalogservice-_r1-/fault/clear_after_p95.json ]]
+ printf '%s\n' '{"status":"success","data":{"resultType":"vector","result":[]}}'
++ query_prom 'sum(rate(istio_requests_total{destination_service_name="productcatalogservice",response_code=~"5.."}[2m])) / clamp_min(sum(rate(istio_requests_total{destination_service_name="productcatalogservice"}[2m])), 0.0001)'
+ err_json2='{"status":"success","data":{"resultType":"vector","result":[]}}'
++ printf %s '{"status":"success","data":{"resultType":"vector","result":[]}}'
++ extract_prom_value
+ after_err=NA
+ [[ -n /home/shaohui.young/mesh-tracing-scripts/results/runs/20260311_011253_onlineboutique-_reference-_high-_low-_delay-_service-_service-productcatalogservice-_r1-/fault/clear_after_error_rate.json ]]
+ printf '%s\n' '{"status":"success","data":{"resultType":"vector","result":[]}}'
+ log 'Simple runtime check via curl (inside cluster DNS): http://192.168.49.2:30301/'
+ echo '[INFO] Simple runtime check via curl (inside cluster DNS): http://192.168.49.2:30301/'
[INFO] Simple runtime check via curl (inside cluster DNS): http://192.168.49.2:30301/
+ ok=0
+ fail=0
++ seq 1 20
+ for _ in $(seq 1 20)
++ curl -s -o /dev/null -w '%{http_code}' --max-time 5 http://192.168.49.2:30301/
+ code=200
+ [[ 200 =~ ^2|3|4 ]]
+ ok=1
+ for _ in $(seq 1 20)
++ curl -s -o /dev/null -w '%{http_code}' --max-time 5 http://192.168.49.2:30301/
+ code=200
+ [[ 200 =~ ^2|3|4 ]]
+ ok=2
+ for _ in $(seq 1 20)
++ curl -s -o /dev/null -w '%{http_code}' --max-time 5 http://192.168.49.2:30301/
+ code=200
+ [[ 200 =~ ^2|3|4 ]]
+ ok=3
+ for _ in $(seq 1 20)
++ curl -s -o /dev/null -w '%{http_code}' --max-time 5 http://192.168.49.2:30301/
+ code=200
+ [[ 200 =~ ^2|3|4 ]]
+ ok=4
+ for _ in $(seq 1 20)
++ curl -s -o /dev/null -w '%{http_code}' --max-time 5 http://192.168.49.2:30301/
+ code=200
+ [[ 200 =~ ^2|3|4 ]]
+ ok=5
+ for _ in $(seq 1 20)
++ curl -s -o /dev/null -w '%{http_code}' --max-time 5 http://192.168.49.2:30301/
+ code=200
+ [[ 200 =~ ^2|3|4 ]]
+ ok=6
+ for _ in $(seq 1 20)
++ curl -s -o /dev/null -w '%{http_code}' --max-time 5 http://192.168.49.2:30301/
+ code=200
+ [[ 200 =~ ^2|3|4 ]]
+ ok=7
+ for _ in $(seq 1 20)
++ curl -s -o /dev/null -w '%{http_code}' --max-time 5 http://192.168.49.2:30301/
+ code=200
+ [[ 200 =~ ^2|3|4 ]]
+ ok=8
+ for _ in $(seq 1 20)
++ curl -s -o /dev/null -w '%{http_code}' --max-time 5 http://192.168.49.2:30301/
+ code=200
+ [[ 200 =~ ^2|3|4 ]]
+ ok=9
+ for _ in $(seq 1 20)
++ curl -s -o /dev/null -w '%{http_code}' --max-time 5 http://192.168.49.2:30301/
+ code=200
+ [[ 200 =~ ^2|3|4 ]]
+ ok=10
+ for _ in $(seq 1 20)
++ curl -s -o /dev/null -w '%{http_code}' --max-time 5 http://192.168.49.2:30301/
+ code=200
+ [[ 200 =~ ^2|3|4 ]]
+ ok=11
+ for _ in $(seq 1 20)
++ curl -s -o /dev/null -w '%{http_code}' --max-time 5 http://192.168.49.2:30301/
+ code=200
+ [[ 200 =~ ^2|3|4 ]]
+ ok=12
+ for _ in $(seq 1 20)
++ curl -s -o /dev/null -w '%{http_code}' --max-time 5 http://192.168.49.2:30301/
+ code=200
+ [[ 200 =~ ^2|3|4 ]]
+ ok=13
+ for _ in $(seq 1 20)
++ curl -s -o /dev/null -w '%{http_code}' --max-time 5 http://192.168.49.2:30301/
+ code=200
+ [[ 200 =~ ^2|3|4 ]]
+ ok=14
+ for _ in $(seq 1 20)
++ curl -s -o /dev/null -w '%{http_code}' --max-time 5 http://192.168.49.2:30301/
+ code=200
+ [[ 200 =~ ^2|3|4 ]]
+ ok=15
+ for _ in $(seq 1 20)
++ curl -s -o /dev/null -w '%{http_code}' --max-time 5 http://192.168.49.2:30301/
+ code=200
+ [[ 200 =~ ^2|3|4 ]]
+ ok=16
+ for _ in $(seq 1 20)
++ curl -s -o /dev/null -w '%{http_code}' --max-time 5 http://192.168.49.2:30301/
+ code=200
+ [[ 200 =~ ^2|3|4 ]]
+ ok=17
+ for _ in $(seq 1 20)
++ curl -s -o /dev/null -w '%{http_code}' --max-time 5 http://192.168.49.2:30301/
+ code=200
+ [[ 200 =~ ^2|3|4 ]]
+ ok=18
+ for _ in $(seq 1 20)
++ curl -s -o /dev/null -w '%{http_code}' --max-time 5 http://192.168.49.2:30301/
+ code=200
+ [[ 200 =~ ^2|3|4 ]]
+ ok=19
+ for _ in $(seq 1 20)
++ curl -s -o /dev/null -w '%{http_code}' --max-time 5 http://192.168.49.2:30301/
+ code=200
+ [[ 200 =~ ^2|3|4 ]]
+ ok=20
++ [[ false == true ]]
++ echo clear
+ echo 'Fault action: clear'
Fault action: clear
+ echo 'Fault name: fault-delay-any-to-productcatalogservice'
Fault name: fault-delay-any-to-productcatalogservice
+ echo 'Fault type: delay'
Fault type: delay
+ echo 'Namespace: ob-app'
Namespace: ob-app
+ echo 'Source service: any'
Source service: any
+ echo 'Target service: productcatalogservice'
Target service: productcatalogservice
+ echo 'Prometheus P95 before/after: NA -> NA'
Prometheus P95 before/after: NA -> NA
+ echo 'Prometheus error_rate before/after: NA -> NA'
Prometheus error_rate before/after: NA -> NA
+ echo 'Curl success/fail (20 req): 20/0'
Curl success/fail (20 req): 20/0
+ echo 'Prometheus query (P95): histogram_quantile(0.95, sum(rate(istio_request_duration_milliseconds_bucket{destination_service_name="productcatalogservice"}[2m])) by (le))'
Prometheus query (P95): histogram_quantile(0.95, sum(rate(istio_request_duration_milliseconds_bucket{destination_service_name="productcatalogservice"}[2m])) by (le))
+ echo 'Prometheus query (error rate): sum(rate(istio_requests_total{destination_service_name="productcatalogservice",response_code=~"5.."}[2m])) / clamp_min(sum(rate(istio_requests_total{destination_service_name="productcatalogservice"}[2m])), 0.0001)'
Prometheus query (error rate): sum(rate(istio_requests_total{destination_service_name="productcatalogservice",response_code=~"5.."}[2m])) / clamp_min(sum(rate(istio_requests_total{destination_service_name="productcatalogservice"}[2m])), 0.0001)
+ [[ -n /home/shaohui.young/mesh-tracing-scripts/results/runs/20260311_011253_onlineboutique-_reference-_high-_low-_delay-_service-_service-productcatalogservice-_r1-/fault ]]
+ python3 - /home/shaohui.young/mesh-tracing-scripts/results/runs/20260311_011253_onlineboutique-_reference-_high-_low-_delay-_service-_service-productcatalogservice-_r1-/fault/clear_summary.json fault-delay-any-to-productcatalogservice clear delay ob-app '' productcatalogservice 200 500 10 http://192.168.49.2:30301/ NA NA NA NA 20 0 'histogram_quantile(0.95, sum(rate(istio_request_duration_milliseconds_bucket{destination_service_name="productcatalogservice"}[2m])) by (le))' 'sum(rate(istio_requests_total{destination_service_name="productcatalogservice",response_code=~"5.."}[2m])) / clamp_min(sum(rate(istio_requests_total{destination_service_name="productcatalogservice"}[2m])), 0.0001)' /home/shaohui.young/mesh-tracing-scripts/results/runs/20260311_011253_onlineboutique-_reference-_high-_low-_delay-_service-_service-productcatalogservice-_r1-/fault/clear_before_p95.json /home/shaohui.young/mesh-tracing-scripts/results/runs/20260311_011253_onlineboutique-_reference-_high-_low-_delay-_service-_service-productcatalogservice-_r1-/fault/clear_after_p95.json /home/shaohui.young/mesh-tracing-scripts/results/runs/20260311_011253_onlineboutique-_reference-_high-_low-_delay-_service-_service-productcatalogservice-_r1-/fault/clear_before_error_rate.json /home/shaohui.young/mesh-tracing-scripts/results/runs/20260311_011253_onlineboutique-_reference-_high-_low-_delay-_service-_service-productcatalogservice-_r1-/fault/clear_after_error_rate.json /home/shaohui.young/mesh-tracing-scripts/results/runs/20260311_011253_onlineboutique-_reference-_high-_low-_delay-_service-_service-productcatalogservice-_r1-/fault/clear_fault-delay-any-to-productcatalogservice.yaml
+ kill 342795
+ trap - EXIT
+ log 'Fault operation completed. Log file: /home/shaohui.young/mesh-tracing-scripts/results/fault.log'
+ echo '[INFO] Fault operation completed. Log file: /home/shaohui.young/mesh-tracing-scripts/results/fault.log'
[INFO] Fault operation completed. Log file: /home/shaohui.young/mesh-tracing-scripts/results/fault.log
++ now_epoch_ms
++ python3 -
+ FAULT_CLEAR_EPOCH_MS=1773191750557
+ FAULT_APPLIED=false
+ write_run_context
+ python3 - /home/shaohui.young/mesh-tracing-scripts/results/runs/20260311_011253_onlineboutique-_reference-_high-_low-_delay-_service-_service-productcatalogservice-_r1-/run_context.json 20260311_011253_onlineboutique-_reference-_high-_low-_delay-_service-_service-productcatalogservice-_r1- onlineboutique reference reference high high implemented low 50 60 delay service service=productcatalogservice '' productcatalogservice ob-app observability istio-system 1 '' http://192.168.49.2:30301/ 200 500 10 1773191568432 1773191584628 1773191656933 1773191750557 ''
+ kubectl wait --for=condition=complete job/loadgen-exp-011304 -n ob-app --timeout=420s
job.batch/loadgen-exp-011304 condition met
+ kubectl logs job/loadgen-exp-011304 -n ob-app
++ now_epoch_ms
++ python3 -
+ RUN_END_EPOCH_MS=1773191751132
+ [[ delay == \n\o\n\e ]]
+ write_run_context
+ python3 - /home/shaohui.young/mesh-tracing-scripts/results/runs/20260311_011253_onlineboutique-_reference-_high-_low-_delay-_service-_service-productcatalogservice-_r1-/run_context.json 20260311_011253_onlineboutique-_reference-_high-_low-_delay-_service-_service-productcatalogservice-_r1- onlineboutique reference reference high high implemented low 50 60 delay service service=productcatalogservice '' productcatalogservice ob-app observability istio-system 1 '' http://192.168.49.2:30301/ 200 500 10 1773191568432 1773191584628 1773191656933 1773191750557 1773191751132
+ python3 /home/shaohui.young/mesh-tracing-scripts/scripts/parse_fortio_output.py /home/shaohui.young/mesh-tracing-scripts/results/runs/20260311_011253_onlineboutique-_reference-_high-_low-_delay-_service-_service-productcatalogservice-_r1-/load/fortio_stdout.log
+ python3 - /home/shaohui.young/mesh-tracing-scripts/results/runs/20260311_011253_onlineboutique-_reference-_high-_low-_delay-_service-_service-productcatalogservice-_r1-/load/load_summary.json loadgen-exp-011304 onlineboutique ob-app 50 120 http://192.168.49.2:30301/
+ bash /home/shaohui.young/mesh-tracing-scripts/scripts/07_collect_metrics.sh --window 60 --output_dir /home/shaohui.young/mesh-tracing-scripts/results/runs/20260311_011253_onlineboutique-_reference-_high-_low-_delay-_service-_service-productcatalogservice-_r1- --obs-namespace observability --app-namespace ob-app
[INFO] Collecting base cluster snapshots into /home/shaohui.young/mesh-tracing-scripts/results/runs/20260311_011253_onlineboutique-_reference-_high-_low-_delay-_service-_service-productcatalogservice-_r1-/snapshots...
[INFO] Port-forward to Prometheus service obs-kube-prometheus-stack-prometheus in ns=observability...
[INFO] Dumping sampling/fault config snapshots...
[INFO] Metrics collection completed: /home/shaohui.young/mesh-tracing-scripts/results/runs/20260311_011253_onlineboutique-_reference-_high-_low-_delay-_service-_service-productcatalogservice-_r1-
[INFO] Artifacts:
[INFO]   - /home/shaohui.young/mesh-tracing-scripts/results/runs/20260311_011253_onlineboutique-_reference-_high-_low-_delay-_service-_service-productcatalogservice-_r1-/cost_metrics.json
[INFO]   - /home/shaohui.young/mesh-tracing-scripts/results/runs/20260311_011253_onlineboutique-_reference-_high-_low-_delay-_service-_service-productcatalogservice-_r1-/metrics_raw
++ resolve_reference_run_summary
++ python3 - /home/shaohui.young/mesh-tracing-scripts/results/index.jsonl onlineboutique low 50 delay service service=productcatalogservice 1 reference
+ REFERENCE_SUMMARY_FILE=
+ REFERENCE_RUN_ID=
+ REFERENCE_RUN_DIR=
++ resolve_entry_service
++ [[ onlineboutique == \o\n\l\i\n\e\b\o\u\t\i\q\u\e ]]
++ echo frontend.ob-app
+ ENTRY_SERVICE=frontend.ob-app
+ kubectl -n observability port-forward svc/jaeger-query 16689:16686
+ JAEGER_PF_PID=343256
+ sleep 3
+ python3 /home/shaohui.young/mesh-tracing-scripts/scripts/export_traces.py --run-dir /home/shaohui.young/mesh-tracing-scripts/results/runs/20260311_011253_onlineboutique-_reference-_high-_low-_delay-_service-_service-productcatalogservice-_r1- --jaeger-url http://127.0.0.1:16689 --entry-service frontend.ob-app --start-us 1773191656933000 --end-us 1773191750557000 --output-json /home/shaohui.young/mesh-tracing-scripts/results/runs/20260311_011253_onlineboutique-_reference-_high-_low-_delay-_service-_service-productcatalogservice-_r1-/utility/raw_traces/current_traces.json --output-meta /home/shaohui.young/mesh-tracing-scripts/results/runs/20260311_011253_onlineboutique-_reference-_high-_low-_delay-_service-_service-productcatalogservice-_r1-/utility/raw_traces/current_trace_meta.json --limit 5000
+ REFERENCE_TRACE_ARGS=()
+ [[ -n '' ]]
+ python3 /home/shaohui.young/mesh-tracing-scripts/scripts/compute_rca.py --run-dir /home/shaohui.young/mesh-tracing-scripts/results/runs/20260311_011253_onlineboutique-_reference-_high-_low-_delay-_service-_service-productcatalogservice-_r1- --current-traces /home/shaohui.young/mesh-tracing-scripts/results/runs/20260311_011253_onlineboutique-_reference-_high-_low-_delay-_service-_service-productcatalogservice-_r1-/utility/raw_traces/current_traces.json
+ kill 343256
+ JAEGER_PF_PID=
+ python3 - /home/shaohui.young/mesh-tracing-scripts/results/runs/20260311_011253_onlineboutique-_reference-_high-_low-_delay-_service-_service-productcatalogservice-_r1-/summary.json /home/shaohui.young/mesh-tracing-scripts/results/runs/20260311_011253_onlineboutique-_reference-_high-_low-_delay-_service-_service-productcatalogservice-_r1-/run_context.json /home/shaohui.young/mesh-tracing-scripts/results/runs/20260311_011253_onlineboutique-_reference-_high-_low-_delay-_service-_service-productcatalogservice-_r1-/load/load_summary.json /home/shaohui.young/mesh-tracing-scripts/results/runs/20260311_011253_onlineboutique-_reference-_high-_low-_delay-_service-_service-productcatalogservice-_r1-/cost_metrics.json /home/shaohui.young/mesh-tracing-scripts/results/runs/20260311_011253_onlineboutique-_reference-_high-_low-_delay-_service-_service-productcatalogservice-_r1-/utility/rca_ranking.json /home/shaohui.young/mesh-tracing-scripts/results/runs/20260311_011253_onlineboutique-_reference-_high-_low-_delay-_service-_service-productcatalogservice-_r1-/utility/critical_path.json /home/shaohui.young/mesh-tracing-scripts/results/runs/20260311_011253_onlineboutique-_reference-_high-_low-_delay-_service-_service-productcatalogservice-_r1-/fault/apply_summary.json /home/shaohui.young/mesh-tracing-scripts/results/runs/20260311_011253_onlineboutique-_reference-_high-_low-_delay-_service-_service-productcatalogservice-_r1-/fault/clear_summary.json
+ python3 - /home/shaohui.young/mesh-tracing-scripts/results/index.jsonl /home/shaohui.young/mesh-tracing-scripts/results/runs/20260311_011253_onlineboutique-_reference-_high-_low-_delay-_service-_service-productcatalogservice-_r1-/summary.json
+ echo /home/shaohui.young/mesh-tracing-scripts/results/runs/20260311_011253_onlineboutique-_reference-_high-_low-_delay-_service-_service-productcatalogservice-_r1-
+ log 'Experiment completed. Result directory: /home/shaohui.young/mesh-tracing-scripts/results/runs/20260311_011253_onlineboutique-_reference-_high-_low-_delay-_service-_service-productcatalogservice-_r1-'
+ echo '[INFO] Experiment completed. Result directory: /home/shaohui.young/mesh-tracing-scripts/results/runs/20260311_011253_onlineboutique-_reference-_high-_low-_delay-_service-_service-productcatalogservice-_r1-'
[INFO] Experiment completed. Result directory: /home/shaohui.young/mesh-tracing-scripts/results/runs/20260311_011253_onlineboutique-_reference-_high-_low-_delay-_service-_service-productcatalogservice-_r1-
+ echo RESULT_DIR=/home/shaohui.young/mesh-tracing-scripts/results/runs/20260311_011253_onlineboutique-_reference-_high-_low-_delay-_service-_service-productcatalogservice-_r1-
RESULT_DIR=/home/shaohui.young/mesh-tracing-scripts/results/runs/20260311_011253_onlineboutique-_reference-_high-_low-_delay-_service-_service-productcatalogservice-_r1-
+ cleanup_fault
+ kill ''
+ true
+ [[ false == true ]]
==== 2026-03-11 01:18:07 experiment run ====
+ [[ head == \m\y\_\p\o\l\i\c\y ]]
+ trap cleanup_fault EXIT
++ now_epoch_ms
++ python3 -
+ RUN_START_EPOCH_MS=1773191887044
+ ensure_prereq
+ bash /home/shaohui.young/mesh-tracing-scripts/scripts/00_prereq_check.sh
[INFO] Checking kubectl version...
Client Version: v1.35.2
Kustomize Version: v5.7.1
[INFO] Checking istioctl version...
client version: 1.29.0
[INFO] Checking helm version...
version.BuildInfo{Version:"v3.20.0", GitCommit:"b2e4314fa0f229a1de7b4c981273f61d69ee5a59", GitTreeState:"clean", GoVersion:"go1.25.6"}
[INFO] Checking minikube status...
minikube
type: Control Plane
host: Running
kubelet: Running
apiserver: Running
kubeconfig: Configured

minikube-m02
type: Worker
host: Running
kubelet: Running

[INFO] Checking kubectl connectivity...
NAME           STATUS   ROLES           AGE   VERSION   INTERNAL-IP    EXTERNAL-IP   OS-IMAGE                         KERNEL-VERSION    CONTAINER-RUNTIME
minikube       Ready    control-plane   24h   v1.35.1   192.168.49.2   <none>        Debian GNU/Linux 12 (bookworm)   6.17.0-1007-gcp   docker://29.2.1
minikube-m02   Ready    <none>          24h   v1.35.1   192.168.49.3   <none>        Debian GNU/Linux 12 (bookworm)   6.17.0-1007-gcp   docker://29.2.1
[INFO] Validation: checking Istio CRDs visibility (may be empty before install)...
authorizationpolicies.security.istio.io     2026-03-10T00:38:55Z
destinationrules.networking.istio.io        2026-03-10T00:38:54Z
envoyfilters.networking.istio.io            2026-03-10T00:38:54Z
gateways.networking.istio.io                2026-03-10T00:38:54Z
peerauthentications.security.istio.io       2026-03-10T00:38:55Z
proxyconfigs.networking.istio.io            2026-03-10T00:38:54Z
requestauthentications.security.istio.io    2026-03-10T00:38:55Z
serviceentries.networking.istio.io          2026-03-10T00:38:54Z
sidecars.networking.istio.io                2026-03-10T00:38:54Z
telemetries.telemetry.istio.io              2026-03-10T00:38:55Z
virtualservices.networking.istio.io         2026-03-10T00:38:54Z
wasmplugins.extensions.istio.io             2026-03-10T00:38:53Z
workloadentries.networking.istio.io         2026-03-10T00:38:54Z
workloadgroups.networking.istio.io          2026-03-10T00:38:54Z
[INFO] Prerequisite checks completed.
+ ensure_istio
+ kubectl -n istio-system get deploy istiod
+ ensure_app
+ local key_deploy=productpage
+ [[ onlineboutique == \o\n\l\i\n\e\b\o\u\t\i\q\u\e ]]
+ key_deploy=frontend
+ kubectl -n ob-app get deploy frontend
+ ensure_observability
+ kubectl -n observability get deploy otel-collector
+ parse_target
+ local raw_target=service=productcatalogservice
+ [[ -z service=productcatalogservice ]]
+ [[ -z service=productcatalogservice ]]
+ [[ service=productcatalogservice == *\-\>* ]]
+ [[ service=productcatalogservice == service=* ]]
+ FAULT_TARGET_TYPE=service
+ SOURCE_SERVICE=
+ TARGET_SERVICE=productcatalogservice
+ FAULT_TARGET=service=productcatalogservice
+ [[ -z '' ]]
++ detect_target_url
++ local path=/
++ [[ onlineboutique == \b\o\o\k\i\n\f\o ]]
++ command -v minikube
++ minikube status
++ local ip nodeport
+++ minikube ip
++ ip=192.168.49.2
+++ kubectl -n istio-system get svc istio-ingressgateway -o 'jsonpath={.spec.ports[?(@.name=="http2")].nodePort}'
++ nodeport=30301
++ [[ -n 192.168.49.2 ]]
++ [[ -n 30301 ]]
++ echo http://192.168.49.2:30301/
++ return 0
+ TARGET_URL=http://192.168.49.2:30301/
+ [[ -n http://192.168.49.2:30301/ ]]
+ resolve_output_dir
+ [[ -z '' ]]
++ date +%Y%m%d_%H%M%S
++ sanitize_component onlineboutique
++ echo onlineboutique
++ tr '[:upper:]' '[:lower:]'
++ tr -cs a-z0-9._- -
++ sanitize_component head
++ echo head
++ tr -cs a-z0-9._- -
++ tr '[:upper:]' '[:lower:]'
++ sanitize_component high
++ echo high
++ tr '[:upper:]' '[:lower:]'
++ tr -cs a-z0-9._- -
+ RUN_ID=20260311_011810_onlineboutique-_head-_high-
++ sanitize_component low
++ echo low
++ tr '[:upper:]' '[:lower:]'
++ tr -cs a-z0-9._- -
++ sanitize_component delay
++ echo delay
++ tr '[:upper:]' '[:lower:]'
++ tr -cs a-z0-9._- -
+ RUN_ID+=_low-_delay-
++ sanitize_component service
++ echo service
++ tr '[:upper:]' '[:lower:]'
++ tr -cs a-z0-9._- -
+ RUN_ID+=_service-
+ [[ -n service=productcatalogservice ]]
++ sanitize_component service=productcatalogservice
++ echo service=productcatalogservice
++ tr -cs a-z0-9._- -
++ tr '[:upper:]' '[:lower:]'
+ RUN_ID+=_service-productcatalogservice-
++ sanitize_component 1
++ echo 1
++ tr '[:upper:]' '[:lower:]'
++ tr -cs a-z0-9._- -
+ RUN_ID+=_r1-
+ [[ -n '' ]]
+ OUT_DIR=/home/shaohui.young/mesh-tracing-scripts/results/runs/20260311_011810_onlineboutique-_head-_high-_low-_delay-_service-_service-productcatalogservice-_r1-
+ mkdir -p /home/shaohui.young/mesh-tracing-scripts/results/runs/20260311_011810_onlineboutique-_head-_high-_low-_delay-_service-_service-productcatalogservice-_r1-/load /home/shaohui.young/mesh-tracing-scripts/results/runs/20260311_011810_onlineboutique-_head-_high-_low-_delay-_service-_service-productcatalogservice-_r1-/fault /home/shaohui.young/mesh-tracing-scripts/results/runs/20260311_011810_onlineboutique-_head-_high-_low-_delay-_service-_service-productcatalogservice-_r1-/utility
+ write_run_context
+ python3 - /home/shaohui.young/mesh-tracing-scripts/results/runs/20260311_011810_onlineboutique-_head-_high-_low-_delay-_service-_service-productcatalogservice-_r1-/run_context.json 20260311_011810_onlineboutique-_head-_high-_low-_delay-_service-_service-productcatalogservice-_r1- onlineboutique head head high high implemented low 50 60 delay service service=productcatalogservice '' productcatalogservice ob-app observability istio-system 1 '' http://192.168.49.2:30301/ 200 500 10 1773191887044 '' '' '' ''
+ write_utility_placeholders
+ python3 - /home/shaohui.young/mesh-tracing-scripts/results/runs/20260311_011810_onlineboutique-_head-_high-_low-_delay-_service-_service-productcatalogservice-_r1-/utility/rca_ranking.json service=productcatalogservice productcatalogservice
+ python3 - /home/shaohui.young/mesh-tracing-scripts/results/runs/20260311_011810_onlineboutique-_head-_high-_low-_delay-_service-_service-productcatalogservice-_r1-/utility/critical_path.json
+ bash /home/shaohui.young/mesh-tracing-scripts/scripts/04_apply_sampling_policy.sh --policy head --budget high --namespace observability --app onlineboutique --app-namespace ob-app
+ [[ baseline_head =~ ^(baseline_head|baseline_tail|ours)$ ]]
+ POLICY_FILE=/home/shaohui.young/mesh-tracing-scripts/manifests/sampling/baseline_head_high.yaml
+ [[ -f /home/shaohui.young/mesh-tracing-scripts/manifests/sampling/baseline_head_high.yaml ]]
+ log 'Applying sampling policy ConfigMap for policy=baseline_head, budget=high'
+ echo '[INFO] Applying sampling policy ConfigMap for policy=baseline_head, budget=high'
[INFO] Applying sampling policy ConfigMap for policy=baseline_head, budget=high
+ [[ baseline_head =~ ^(baseline_head|baseline_tail|ours)$ ]]
+ kubectl apply -n observability -f /home/shaohui.young/mesh-tracing-scripts/manifests/sampling/baseline_head_high.yaml
configmap/otel-collector-config configured
+ TELEMETRY_SAMPLING=100.0
+ [[ baseline_head == \n\o\_\t\r\a\c\i\n\g ]]
+ kubectl apply -n ob-app -f -
telemetry.telemetry.istio.io/tracing-default unchanged
+ log 'Rolling restart collector deployment...'
+ echo '[INFO] Rolling restart collector deployment...'
[INFO] Rolling restart collector deployment...
+ kubectl -n observability rollout restart deployment/otel-collector
deployment.apps/otel-collector restarted
+ kubectl -n observability rollout status deployment/otel-collector --timeout=240s
Waiting for deployment "otel-collector" rollout to finish: 1 old replicas are pending termination...
Waiting for deployment "otel-collector" rollout to finish: 1 old replicas are pending termination...
deployment "otel-collector" successfully rolled out
+ log 'Current effective config summary (otel-collector-config.data.config.yaml):'
+ echo '[INFO] Current effective config summary (otel-collector-config.data.config.yaml):'
[INFO] Current effective config summary (otel-collector-config.data.config.yaml):
+ kubectl get configmap otel-collector-config -n observability -o 'go-template={{index .data "config.yaml"}}'
+ awk '
      /processors:/ {inproc=1}
      inproc==1 && /exporters:/ {inproc=0}
      inproc==1 {print}
    '
processors:
  probabilistic_sampler:
    sampling_percentage: 30
  batch:
    timeout: 1s
    send_batch_size: 1024
      processors: [probabilistic_sampler, batch]
+ echo 'telemetry_sampling_percentage: 100.0'
telemetry_sampling_percentage: 100.0
+ log 'Simple verification by Jaeger trace count (same traffic, switch budget low/mid/high and compare):'
+ echo '[INFO] Simple verification by Jaeger trace count (same traffic, switch budget low/mid/high and compare):'
[INFO] Simple verification by Jaeger trace count (same traffic, switch budget low/mid/high and compare):
+ kubectl -n observability port-forward svc/jaeger-query 16688:16686
+ PF_PID=344862
+ trap 'kill ${PF_PID:-} >/dev/null 2>&1 || true' EXIT
+ sleep 3
+ [[ -z onlineboutique ]]
+ [[ onlineboutique == \o\n\l\i\n\e\b\o\u\t\i\q\u\e ]]
+ JAEGER_CANDIDATES=("frontend.${APP_NAMESPACE}" "frontend")
+ JAEGER_SERVICE_NAME=frontend.ob-app
+ TRACE_CNT=NA
+ for svc in "${JAEGER_CANDIDATES[@]}"
++ curl -fsS 'http://127.0.0.1:16688/api/traces?service=frontend.ob-app&lookback=15m&limit=200'
++ python3 -c 'import json,sys; d=json.load(sys.stdin); print(len(d.get("data", [])))'
+ cnt=200
+ JAEGER_SERVICE_NAME=frontend.ob-app
+ TRACE_CNT=200
+ [[ 200 != \N\A ]]
+ [[ 200 != \0 ]]
+ break
+ echo 'trace_count_last_15m(service=frontend.ob-app, limit=200): 200'
trace_count_last_15m(service=frontend.ob-app, limit=200): 200
+ echo check_command:
check_command:
+ echo 'curl -fsS "http://127.0.0.1:16688/api/traces?service=frontend.ob-app&lookback=15m&limit=200" | python3 -c '\''import json,sys; d=json.load(sys.stdin); print(len(d.get("data", [])))'\'''
curl -fsS "http://127.0.0.1:16688/api/traces?service=frontend.ob-app&lookback=15m&limit=200" | python3 -c 'import json,sys; d=json.load(sys.stdin); print(len(d.get("data", [])))'
+ [[ baseline_head == \n\o\_\t\r\a\c\i\n\g ]]
+ echo 'expected: with same load pattern, low < mid < high (trace count or exported spans/sec).'
expected: with same load pattern, low < mid < high (trace count or exported spans/sec).
+ kill 344862
+ trap - EXIT
+ log 'Sampling policy applied successfully: policy=baseline_head, budget=high, namespace=observability'
+ echo '[INFO] Sampling policy applied successfully: policy=baseline_head, budget=high, namespace=observability'
[INFO] Sampling policy applied successfully: policy=baseline_head, budget=high, namespace=observability
+ log 'Log file: /home/shaohui.young/mesh-tracing-scripts/results/sampling.log'
+ echo '[INFO] Log file: /home/shaohui.young/mesh-tracing-scripts/results/sampling.log'
[INFO] Log file: /home/shaohui.young/mesh-tracing-scripts/results/sampling.log
+ WARMUP_SEC=60
+ FAULT_PHASE_SEC=36
+ FAULT_START_AFTER_WARMUP=12
+ TOTAL_LOAD_SEC=120
++ date +%H%M%S
+ LOAD_JOB_NAME=loadgen-exp-011823
+ kubectl delete job loadgen-exp-011823 -n ob-app --ignore-not-found
++ now_epoch_ms
++ python3 -
+ LOAD_START_EPOCH_MS=1773191904002
+ write_run_context
+ python3 - /home/shaohui.young/mesh-tracing-scripts/results/runs/20260311_011810_onlineboutique-_head-_high-_low-_delay-_service-_service-productcatalogservice-_r1-/run_context.json 20260311_011810_onlineboutique-_head-_high-_low-_delay-_service-_service-productcatalogservice-_r1- onlineboutique head head high high implemented low 50 60 delay service service=productcatalogservice '' productcatalogservice ob-app observability istio-system 1 '' http://192.168.49.2:30301/ 200 500 10 1773191887044 1773191904002 '' '' ''
+ kubectl apply -n ob-app -f -
job.batch/loadgen-exp-011823 created
+ sleep 60
+ sleep 12
+ [[ delay != \n\o\n\e ]]
+ fault_args=()
+ [[ -n '' ]]
++ now_epoch_ms
++ python3 -
+ FAULT_APPLY_EPOCH_MS=1773191976452
+ write_run_context
+ python3 - /home/shaohui.young/mesh-tracing-scripts/results/runs/20260311_011810_onlineboutique-_head-_high-_low-_delay-_service-_service-productcatalogservice-_r1-/run_context.json 20260311_011810_onlineboutique-_head-_high-_low-_delay-_service-_service-productcatalogservice-_r1- onlineboutique head head high high implemented low 50 60 delay service service=productcatalogservice '' productcatalogservice ob-app observability istio-system 1 '' http://192.168.49.2:30301/ 200 500 10 1773191887044 1773191904002 1773191976452 '' ''
+ bash /home/shaohui.young/mesh-tracing-scripts/scripts/05_inject_fault.sh --apply --fault delay --target_service productcatalogservice --fixed_delay_ms 200 --http_status 500 --percentage 10 --namespace ob-app --obs-namespace observability --target_url http://192.168.49.2:30301/ --output-dir /home/shaohui.young/mesh-tracing-scripts/results/runs/20260311_011810_onlineboutique-_head-_high-_low-_delay-_service-_service-productcatalogservice-_r1-
+ [[ -n /home/shaohui.young/mesh-tracing-scripts/results/runs/20260311_011810_onlineboutique-_head-_high-_low-_delay-_service-_service-productcatalogservice-_r1- ]]
+ case "${OUTPUT_DIR}" in
+ FAULT_DIR=/home/shaohui.young/mesh-tracing-scripts/results/runs/20260311_011810_onlineboutique-_head-_high-_low-_delay-_service-_service-productcatalogservice-_r1-/fault
+ mkdir -p /home/shaohui.young/mesh-tracing-scripts/results/runs/20260311_011810_onlineboutique-_head-_high-_low-_delay-_service-_service-productcatalogservice-_r1-/fault
+ kubectl get svc productcatalogservice -n ob-app
+ [[ -n '' ]]
+ [[ -z http://192.168.49.2:30301/ ]]
+ before_p95=NA
+ before_err=NA
+ PROM_PF_PID=345889
+ trap 'kill ${PROM_PF_PID:-} >/dev/null 2>&1 || true' EXIT
+ sleep 3
+ kubectl -n observability port-forward svc/obs-kube-prometheus-stack-prometheus 19092:9090
+ P95_QUERY='histogram_quantile(0.95, sum(rate(istio_request_duration_milliseconds_bucket{destination_service_name="productcatalogservice"}[2m])) by (le))'
+ ERR_QUERY='sum(rate(istio_requests_total{destination_service_name="productcatalogservice",response_code=~"5.."}[2m])) / clamp_min(sum(rate(istio_requests_total{destination_service_name="productcatalogservice"}[2m])), 0.0001)'
+ BEFORE_P95_FILE=
+ BEFORE_ERR_FILE=
+ AFTER_P95_FILE=
+ AFTER_ERR_FILE=
+ RENDERED_FILE=
+ [[ -n /home/shaohui.young/mesh-tracing-scripts/results/runs/20260311_011810_onlineboutique-_head-_high-_low-_delay-_service-_service-productcatalogservice-_r1-/fault ]]
+ BEFORE_P95_FILE=/home/shaohui.young/mesh-tracing-scripts/results/runs/20260311_011810_onlineboutique-_head-_high-_low-_delay-_service-_service-productcatalogservice-_r1-/fault/apply_before_p95.json
+ BEFORE_ERR_FILE=/home/shaohui.young/mesh-tracing-scripts/results/runs/20260311_011810_onlineboutique-_head-_high-_low-_delay-_service-_service-productcatalogservice-_r1-/fault/apply_before_error_rate.json
+ AFTER_P95_FILE=/home/shaohui.young/mesh-tracing-scripts/results/runs/20260311_011810_onlineboutique-_head-_high-_low-_delay-_service-_service-productcatalogservice-_r1-/fault/apply_after_p95.json
+ AFTER_ERR_FILE=/home/shaohui.young/mesh-tracing-scripts/results/runs/20260311_011810_onlineboutique-_head-_high-_low-_delay-_service-_service-productcatalogservice-_r1-/fault/apply_after_error_rate.json
+ RENDERED_FILE=/home/shaohui.young/mesh-tracing-scripts/results/runs/20260311_011810_onlineboutique-_head-_high-_low-_delay-_service-_service-productcatalogservice-_r1-/fault/apply_fault-delay-any-to-productcatalogservice.yaml
++ query_prom 'histogram_quantile(0.95, sum(rate(istio_request_duration_milliseconds_bucket{destination_service_name="productcatalogservice"}[2m])) by (le))'
+ p95_json='{"status":"success","data":{"resultType":"vector","result":[]}}'
++ printf %s '{"status":"success","data":{"resultType":"vector","result":[]}}'
++ extract_prom_value
+ before_p95=NA
+ [[ -n /home/shaohui.young/mesh-tracing-scripts/results/runs/20260311_011810_onlineboutique-_head-_high-_low-_delay-_service-_service-productcatalogservice-_r1-/fault/apply_before_p95.json ]]
+ printf '%s\n' '{"status":"success","data":{"resultType":"vector","result":[]}}'
++ query_prom 'sum(rate(istio_requests_total{destination_service_name="productcatalogservice",response_code=~"5.."}[2m])) / clamp_min(sum(rate(istio_requests_total{destination_service_name="productcatalogservice"}[2m])), 0.0001)'
+ err_json='{"status":"success","data":{"resultType":"vector","result":[]}}'
++ printf %s '{"status":"success","data":{"resultType":"vector","result":[]}}'
++ extract_prom_value
+ before_err=NA
+ [[ -n /home/shaohui.young/mesh-tracing-scripts/results/runs/20260311_011810_onlineboutique-_head-_high-_low-_delay-_service-_service-productcatalogservice-_r1-/fault/apply_before_error_rate.json ]]
+ printf '%s\n' '{"status":"success","data":{"resultType":"vector","result":[]}}'
+ [[ true == true ]]
+ [[ -z '' ]]
+ [[ delay == \d\e\l\a\y ]]
+ [[ -n /home/shaohui.young/mesh-tracing-scripts/results/runs/20260311_011810_onlineboutique-_head-_high-_low-_delay-_service-_service-productcatalogservice-_r1-/fault/apply_fault-delay-any-to-productcatalogservice.yaml ]]
+ cat
+ kubectl apply -n ob-app -f /home/shaohui.young/mesh-tracing-scripts/results/runs/20260311_011810_onlineboutique-_head-_high-_low-_delay-_service-_service-productcatalogservice-_r1-/fault/apply_fault-delay-any-to-productcatalogservice.yaml
virtualservice.networking.istio.io/fault-delay-any-to-productcatalogservice created
+ kubectl get virtualservice fault-delay-any-to-productcatalogservice -n ob-app
NAME                                       GATEWAYS   HOSTS                       AGE
fault-delay-any-to-productcatalogservice              ["productcatalogservice"]   0s
+ sleep 20
+ after_p95=NA
+ after_err=NA
++ query_prom 'histogram_quantile(0.95, sum(rate(istio_request_duration_milliseconds_bucket{destination_service_name="productcatalogservice"}[2m])) by (le))'
+ p95_json2='{"status":"success","data":{"resultType":"vector","result":[]}}'
++ printf %s '{"status":"success","data":{"resultType":"vector","result":[]}}'
++ extract_prom_value
+ after_p95=NA
+ [[ -n /home/shaohui.young/mesh-tracing-scripts/results/runs/20260311_011810_onlineboutique-_head-_high-_low-_delay-_service-_service-productcatalogservice-_r1-/fault/apply_after_p95.json ]]
+ printf '%s\n' '{"status":"success","data":{"resultType":"vector","result":[]}}'
++ query_prom 'sum(rate(istio_requests_total{destination_service_name="productcatalogservice",response_code=~"5.."}[2m])) / clamp_min(sum(rate(istio_requests_total{destination_service_name="productcatalogservice"}[2m])), 0.0001)'
+ err_json2='{"status":"success","data":{"resultType":"vector","result":[]}}'
++ printf %s '{"status":"success","data":{"resultType":"vector","result":[]}}'
++ extract_prom_value
+ after_err=NA
+ [[ -n /home/shaohui.young/mesh-tracing-scripts/results/runs/20260311_011810_onlineboutique-_head-_high-_low-_delay-_service-_service-productcatalogservice-_r1-/fault/apply_after_error_rate.json ]]
+ printf '%s\n' '{"status":"success","data":{"resultType":"vector","result":[]}}'
+ log 'Simple runtime check via curl (inside cluster DNS): http://192.168.49.2:30301/'
+ echo '[INFO] Simple runtime check via curl (inside cluster DNS): http://192.168.49.2:30301/'
[INFO] Simple runtime check via curl (inside cluster DNS): http://192.168.49.2:30301/
+ ok=0
+ fail=0
++ seq 1 20
+ for _ in $(seq 1 20)
++ curl -s -o /dev/null -w '%{http_code}' --max-time 5 http://192.168.49.2:30301/
+ code=200
+ [[ 200 =~ ^2|3|4 ]]
+ ok=1
+ for _ in $(seq 1 20)
++ curl -s -o /dev/null -w '%{http_code}' --max-time 5 http://192.168.49.2:30301/
+ code=200
+ [[ 200 =~ ^2|3|4 ]]
+ ok=2
+ for _ in $(seq 1 20)
++ curl -s -o /dev/null -w '%{http_code}' --max-time 5 http://192.168.49.2:30301/
+ code=200
+ [[ 200 =~ ^2|3|4 ]]
+ ok=3
+ for _ in $(seq 1 20)
++ curl -s -o /dev/null -w '%{http_code}' --max-time 5 http://192.168.49.2:30301/
+ code=200
+ [[ 200 =~ ^2|3|4 ]]
+ ok=4
+ for _ in $(seq 1 20)
++ curl -s -o /dev/null -w '%{http_code}' --max-time 5 http://192.168.49.2:30301/
+ code=200
+ [[ 200 =~ ^2|3|4 ]]
+ ok=5
+ for _ in $(seq 1 20)
++ curl -s -o /dev/null -w '%{http_code}' --max-time 5 http://192.168.49.2:30301/
+ code=200
+ [[ 200 =~ ^2|3|4 ]]
+ ok=6
+ for _ in $(seq 1 20)
++ curl -s -o /dev/null -w '%{http_code}' --max-time 5 http://192.168.49.2:30301/
+ code=200
+ [[ 200 =~ ^2|3|4 ]]
+ ok=7
+ for _ in $(seq 1 20)
++ curl -s -o /dev/null -w '%{http_code}' --max-time 5 http://192.168.49.2:30301/
+ code=200
+ [[ 200 =~ ^2|3|4 ]]
+ ok=8
+ for _ in $(seq 1 20)
++ curl -s -o /dev/null -w '%{http_code}' --max-time 5 http://192.168.49.2:30301/
+ code=200
+ [[ 200 =~ ^2|3|4 ]]
+ ok=9
+ for _ in $(seq 1 20)
++ curl -s -o /dev/null -w '%{http_code}' --max-time 5 http://192.168.49.2:30301/
+ code=200
+ [[ 200 =~ ^2|3|4 ]]
+ ok=10
+ for _ in $(seq 1 20)
++ curl -s -o /dev/null -w '%{http_code}' --max-time 5 http://192.168.49.2:30301/
+ code=200
+ [[ 200 =~ ^2|3|4 ]]
+ ok=11
+ for _ in $(seq 1 20)
++ curl -s -o /dev/null -w '%{http_code}' --max-time 5 http://192.168.49.2:30301/
+ code=200
+ [[ 200 =~ ^2|3|4 ]]
+ ok=12
+ for _ in $(seq 1 20)
++ curl -s -o /dev/null -w '%{http_code}' --max-time 5 http://192.168.49.2:30301/
+ code=200
+ [[ 200 =~ ^2|3|4 ]]
+ ok=13
+ for _ in $(seq 1 20)
++ curl -s -o /dev/null -w '%{http_code}' --max-time 5 http://192.168.49.2:30301/
+ code=200
+ [[ 200 =~ ^2|3|4 ]]
+ ok=14
+ for _ in $(seq 1 20)
++ curl -s -o /dev/null -w '%{http_code}' --max-time 5 http://192.168.49.2:30301/
+ code=200
+ [[ 200 =~ ^2|3|4 ]]
+ ok=15
+ for _ in $(seq 1 20)
++ curl -s -o /dev/null -w '%{http_code}' --max-time 5 http://192.168.49.2:30301/
+ code=200
+ [[ 200 =~ ^2|3|4 ]]
+ ok=16
+ for _ in $(seq 1 20)
++ curl -s -o /dev/null -w '%{http_code}' --max-time 5 http://192.168.49.2:30301/
+ code=200
+ [[ 200 =~ ^2|3|4 ]]
+ ok=17
+ for _ in $(seq 1 20)
++ curl -s -o /dev/null -w '%{http_code}' --max-time 5 http://192.168.49.2:30301/
+ code=200
+ [[ 200 =~ ^2|3|4 ]]
+ ok=18
+ for _ in $(seq 1 20)
++ curl -s -o /dev/null -w '%{http_code}' --max-time 5 http://192.168.49.2:30301/
+ code=200
+ [[ 200 =~ ^2|3|4 ]]
+ ok=19
+ for _ in $(seq 1 20)
++ curl -s -o /dev/null -w '%{http_code}' --max-time 5 http://192.168.49.2:30301/
+ code=200
+ [[ 200 =~ ^2|3|4 ]]
+ ok=20
++ [[ true == true ]]
++ echo apply
+ echo 'Fault action: apply'
Fault action: apply
+ echo 'Fault name: fault-delay-any-to-productcatalogservice'
Fault name: fault-delay-any-to-productcatalogservice
+ echo 'Fault type: delay'
Fault type: delay
+ echo 'Namespace: ob-app'
Namespace: ob-app
+ echo 'Source service: any'
Source service: any
+ echo 'Target service: productcatalogservice'
Target service: productcatalogservice
+ echo 'Prometheus P95 before/after: NA -> NA'
Prometheus P95 before/after: NA -> NA
+ echo 'Prometheus error_rate before/after: NA -> NA'
Prometheus error_rate before/after: NA -> NA
+ echo 'Curl success/fail (20 req): 20/0'
Curl success/fail (20 req): 20/0
+ echo 'Prometheus query (P95): histogram_quantile(0.95, sum(rate(istio_request_duration_milliseconds_bucket{destination_service_name="productcatalogservice"}[2m])) by (le))'
Prometheus query (P95): histogram_quantile(0.95, sum(rate(istio_request_duration_milliseconds_bucket{destination_service_name="productcatalogservice"}[2m])) by (le))
+ echo 'Prometheus query (error rate): sum(rate(istio_requests_total{destination_service_name="productcatalogservice",response_code=~"5.."}[2m])) / clamp_min(sum(rate(istio_requests_total{destination_service_name="productcatalogservice"}[2m])), 0.0001)'
Prometheus query (error rate): sum(rate(istio_requests_total{destination_service_name="productcatalogservice",response_code=~"5.."}[2m])) / clamp_min(sum(rate(istio_requests_total{destination_service_name="productcatalogservice"}[2m])), 0.0001)
+ [[ -n /home/shaohui.young/mesh-tracing-scripts/results/runs/20260311_011810_onlineboutique-_head-_high-_low-_delay-_service-_service-productcatalogservice-_r1-/fault ]]
+ python3 - /home/shaohui.young/mesh-tracing-scripts/results/runs/20260311_011810_onlineboutique-_head-_high-_low-_delay-_service-_service-productcatalogservice-_r1-/fault/apply_summary.json fault-delay-any-to-productcatalogservice apply delay ob-app '' productcatalogservice 200 500 10 http://192.168.49.2:30301/ NA NA NA NA 20 0 'histogram_quantile(0.95, sum(rate(istio_request_duration_milliseconds_bucket{destination_service_name="productcatalogservice"}[2m])) by (le))' 'sum(rate(istio_requests_total{destination_service_name="productcatalogservice",response_code=~"5.."}[2m])) / clamp_min(sum(rate(istio_requests_total{destination_service_name="productcatalogservice"}[2m])), 0.0001)' /home/shaohui.young/mesh-tracing-scripts/results/runs/20260311_011810_onlineboutique-_head-_high-_low-_delay-_service-_service-productcatalogservice-_r1-/fault/apply_before_p95.json /home/shaohui.young/mesh-tracing-scripts/results/runs/20260311_011810_onlineboutique-_head-_high-_low-_delay-_service-_service-productcatalogservice-_r1-/fault/apply_after_p95.json /home/shaohui.young/mesh-tracing-scripts/results/runs/20260311_011810_onlineboutique-_head-_high-_low-_delay-_service-_service-productcatalogservice-_r1-/fault/apply_before_error_rate.json /home/shaohui.young/mesh-tracing-scripts/results/runs/20260311_011810_onlineboutique-_head-_high-_low-_delay-_service-_service-productcatalogservice-_r1-/fault/apply_after_error_rate.json /home/shaohui.young/mesh-tracing-scripts/results/runs/20260311_011810_onlineboutique-_head-_high-_low-_delay-_service-_service-productcatalogservice-_r1-/fault/apply_fault-delay-any-to-productcatalogservice.yaml
+ kill 345889
+ trap - EXIT
+ log 'Fault operation completed. Log file: /home/shaohui.young/mesh-tracing-scripts/results/fault.log'
+ echo '[INFO] Fault operation completed. Log file: /home/shaohui.young/mesh-tracing-scripts/results/fault.log'
[INFO] Fault operation completed. Log file: /home/shaohui.young/mesh-tracing-scripts/results/fault.log
+ FAULT_APPLIED=true
+ sleep 36
+ bash /home/shaohui.young/mesh-tracing-scripts/scripts/05_inject_fault.sh --clear --fault delay --target_service productcatalogservice --namespace ob-app --obs-namespace observability --target_url http://192.168.49.2:30301/ --output-dir /home/shaohui.young/mesh-tracing-scripts/results/runs/20260311_011810_onlineboutique-_head-_high-_low-_delay-_service-_service-productcatalogservice-_r1-
+ [[ -n /home/shaohui.young/mesh-tracing-scripts/results/runs/20260311_011810_onlineboutique-_head-_high-_low-_delay-_service-_service-productcatalogservice-_r1- ]]
+ case "${OUTPUT_DIR}" in
+ FAULT_DIR=/home/shaohui.young/mesh-tracing-scripts/results/runs/20260311_011810_onlineboutique-_head-_high-_low-_delay-_service-_service-productcatalogservice-_r1-/fault
+ mkdir -p /home/shaohui.young/mesh-tracing-scripts/results/runs/20260311_011810_onlineboutique-_head-_high-_low-_delay-_service-_service-productcatalogservice-_r1-/fault
+ kubectl get svc productcatalogservice -n ob-app
+ [[ -n '' ]]
+ [[ -z http://192.168.49.2:30301/ ]]
+ before_p95=NA
+ before_err=NA
+ PROM_PF_PID=346602
+ trap 'kill ${PROM_PF_PID:-} >/dev/null 2>&1 || true' EXIT
+ sleep 3
+ kubectl -n observability port-forward svc/obs-kube-prometheus-stack-prometheus 19092:9090
+ P95_QUERY='histogram_quantile(0.95, sum(rate(istio_request_duration_milliseconds_bucket{destination_service_name="productcatalogservice"}[2m])) by (le))'
+ ERR_QUERY='sum(rate(istio_requests_total{destination_service_name="productcatalogservice",response_code=~"5.."}[2m])) / clamp_min(sum(rate(istio_requests_total{destination_service_name="productcatalogservice"}[2m])), 0.0001)'
+ BEFORE_P95_FILE=
+ BEFORE_ERR_FILE=
+ AFTER_P95_FILE=
+ AFTER_ERR_FILE=
+ RENDERED_FILE=
+ [[ -n /home/shaohui.young/mesh-tracing-scripts/results/runs/20260311_011810_onlineboutique-_head-_high-_low-_delay-_service-_service-productcatalogservice-_r1-/fault ]]
+ BEFORE_P95_FILE=/home/shaohui.young/mesh-tracing-scripts/results/runs/20260311_011810_onlineboutique-_head-_high-_low-_delay-_service-_service-productcatalogservice-_r1-/fault/clear_before_p95.json
+ BEFORE_ERR_FILE=/home/shaohui.young/mesh-tracing-scripts/results/runs/20260311_011810_onlineboutique-_head-_high-_low-_delay-_service-_service-productcatalogservice-_r1-/fault/clear_before_error_rate.json
+ AFTER_P95_FILE=/home/shaohui.young/mesh-tracing-scripts/results/runs/20260311_011810_onlineboutique-_head-_high-_low-_delay-_service-_service-productcatalogservice-_r1-/fault/clear_after_p95.json
+ AFTER_ERR_FILE=/home/shaohui.young/mesh-tracing-scripts/results/runs/20260311_011810_onlineboutique-_head-_high-_low-_delay-_service-_service-productcatalogservice-_r1-/fault/clear_after_error_rate.json
+ RENDERED_FILE=/home/shaohui.young/mesh-tracing-scripts/results/runs/20260311_011810_onlineboutique-_head-_high-_low-_delay-_service-_service-productcatalogservice-_r1-/fault/clear_fault-delay-any-to-productcatalogservice.yaml
++ query_prom 'histogram_quantile(0.95, sum(rate(istio_request_duration_milliseconds_bucket{destination_service_name="productcatalogservice"}[2m])) by (le))'
+ p95_json='{"status":"success","data":{"resultType":"vector","result":[]}}'
++ printf %s '{"status":"success","data":{"resultType":"vector","result":[]}}'
++ extract_prom_value
+ before_p95=NA
+ [[ -n /home/shaohui.young/mesh-tracing-scripts/results/runs/20260311_011810_onlineboutique-_head-_high-_low-_delay-_service-_service-productcatalogservice-_r1-/fault/clear_before_p95.json ]]
+ printf '%s\n' '{"status":"success","data":{"resultType":"vector","result":[]}}'
++ query_prom 'sum(rate(istio_requests_total{destination_service_name="productcatalogservice",response_code=~"5.."}[2m])) / clamp_min(sum(rate(istio_requests_total{destination_service_name="productcatalogservice"}[2m])), 0.0001)'
+ err_json='{"status":"success","data":{"resultType":"vector","result":[]}}'
++ printf %s '{"status":"success","data":{"resultType":"vector","result":[]}}'
++ extract_prom_value
+ before_err=NA
+ [[ -n /home/shaohui.young/mesh-tracing-scripts/results/runs/20260311_011810_onlineboutique-_head-_high-_low-_delay-_service-_service-productcatalogservice-_r1-/fault/clear_before_error_rate.json ]]
+ printf '%s\n' '{"status":"success","data":{"resultType":"vector","result":[]}}'
+ [[ false == true ]]
+ kubectl delete virtualservice fault-delay-any-to-productcatalogservice -n ob-app --ignore-not-found
virtualservice.networking.istio.io "fault-delay-any-to-productcatalogservice" deleted from ob-app namespace
+ sleep 20
+ after_p95=NA
+ after_err=NA
++ query_prom 'histogram_quantile(0.95, sum(rate(istio_request_duration_milliseconds_bucket{destination_service_name="productcatalogservice"}[2m])) by (le))'
+ p95_json2='{"status":"success","data":{"resultType":"vector","result":[]}}'
++ printf %s '{"status":"success","data":{"resultType":"vector","result":[]}}'
++ extract_prom_value
+ after_p95=NA
+ [[ -n /home/shaohui.young/mesh-tracing-scripts/results/runs/20260311_011810_onlineboutique-_head-_high-_low-_delay-_service-_service-productcatalogservice-_r1-/fault/clear_after_p95.json ]]
+ printf '%s\n' '{"status":"success","data":{"resultType":"vector","result":[]}}'
++ query_prom 'sum(rate(istio_requests_total{destination_service_name="productcatalogservice",response_code=~"5.."}[2m])) / clamp_min(sum(rate(istio_requests_total{destination_service_name="productcatalogservice"}[2m])), 0.0001)'
+ err_json2='{"status":"success","data":{"resultType":"vector","result":[]}}'
++ printf %s '{"status":"success","data":{"resultType":"vector","result":[]}}'
++ extract_prom_value
+ after_err=NA
+ [[ -n /home/shaohui.young/mesh-tracing-scripts/results/runs/20260311_011810_onlineboutique-_head-_high-_low-_delay-_service-_service-productcatalogservice-_r1-/fault/clear_after_error_rate.json ]]
+ printf '%s\n' '{"status":"success","data":{"resultType":"vector","result":[]}}'
+ log 'Simple runtime check via curl (inside cluster DNS): http://192.168.49.2:30301/'
+ echo '[INFO] Simple runtime check via curl (inside cluster DNS): http://192.168.49.2:30301/'
[INFO] Simple runtime check via curl (inside cluster DNS): http://192.168.49.2:30301/
+ ok=0
+ fail=0
++ seq 1 20
+ for _ in $(seq 1 20)
++ curl -s -o /dev/null -w '%{http_code}' --max-time 5 http://192.168.49.2:30301/
+ code=200
+ [[ 200 =~ ^2|3|4 ]]
+ ok=1
+ for _ in $(seq 1 20)
++ curl -s -o /dev/null -w '%{http_code}' --max-time 5 http://192.168.49.2:30301/
+ code=200
+ [[ 200 =~ ^2|3|4 ]]
+ ok=2
+ for _ in $(seq 1 20)
++ curl -s -o /dev/null -w '%{http_code}' --max-time 5 http://192.168.49.2:30301/
+ code=200
+ [[ 200 =~ ^2|3|4 ]]
+ ok=3
+ for _ in $(seq 1 20)
++ curl -s -o /dev/null -w '%{http_code}' --max-time 5 http://192.168.49.2:30301/
+ code=200
+ [[ 200 =~ ^2|3|4 ]]
+ ok=4
+ for _ in $(seq 1 20)
++ curl -s -o /dev/null -w '%{http_code}' --max-time 5 http://192.168.49.2:30301/
+ code=200
+ [[ 200 =~ ^2|3|4 ]]
+ ok=5
+ for _ in $(seq 1 20)
++ curl -s -o /dev/null -w '%{http_code}' --max-time 5 http://192.168.49.2:30301/
+ code=200
+ [[ 200 =~ ^2|3|4 ]]
+ ok=6
+ for _ in $(seq 1 20)
++ curl -s -o /dev/null -w '%{http_code}' --max-time 5 http://192.168.49.2:30301/
+ code=200
+ [[ 200 =~ ^2|3|4 ]]
+ ok=7
+ for _ in $(seq 1 20)
++ curl -s -o /dev/null -w '%{http_code}' --max-time 5 http://192.168.49.2:30301/
+ code=200
+ [[ 200 =~ ^2|3|4 ]]
+ ok=8
+ for _ in $(seq 1 20)
++ curl -s -o /dev/null -w '%{http_code}' --max-time 5 http://192.168.49.2:30301/
+ code=200
+ [[ 200 =~ ^2|3|4 ]]
+ ok=9
+ for _ in $(seq 1 20)
++ curl -s -o /dev/null -w '%{http_code}' --max-time 5 http://192.168.49.2:30301/
+ code=200
+ [[ 200 =~ ^2|3|4 ]]
+ ok=10
+ for _ in $(seq 1 20)
++ curl -s -o /dev/null -w '%{http_code}' --max-time 5 http://192.168.49.2:30301/
+ code=200
+ [[ 200 =~ ^2|3|4 ]]
+ ok=11
+ for _ in $(seq 1 20)
++ curl -s -o /dev/null -w '%{http_code}' --max-time 5 http://192.168.49.2:30301/
+ code=200
+ [[ 200 =~ ^2|3|4 ]]
+ ok=12
+ for _ in $(seq 1 20)
++ curl -s -o /dev/null -w '%{http_code}' --max-time 5 http://192.168.49.2:30301/
+ code=200
+ [[ 200 =~ ^2|3|4 ]]
+ ok=13
+ for _ in $(seq 1 20)
++ curl -s -o /dev/null -w '%{http_code}' --max-time 5 http://192.168.49.2:30301/
+ code=200
+ [[ 200 =~ ^2|3|4 ]]
+ ok=14
+ for _ in $(seq 1 20)
++ curl -s -o /dev/null -w '%{http_code}' --max-time 5 http://192.168.49.2:30301/
+ code=200
+ [[ 200 =~ ^2|3|4 ]]
+ ok=15
+ for _ in $(seq 1 20)
++ curl -s -o /dev/null -w '%{http_code}' --max-time 5 http://192.168.49.2:30301/
+ code=200
+ [[ 200 =~ ^2|3|4 ]]
+ ok=16
+ for _ in $(seq 1 20)
++ curl -s -o /dev/null -w '%{http_code}' --max-time 5 http://192.168.49.2:30301/
+ code=200
+ [[ 200 =~ ^2|3|4 ]]
+ ok=17
+ for _ in $(seq 1 20)
++ curl -s -o /dev/null -w '%{http_code}' --max-time 5 http://192.168.49.2:30301/
+ code=200
+ [[ 200 =~ ^2|3|4 ]]
+ ok=18
+ for _ in $(seq 1 20)
++ curl -s -o /dev/null -w '%{http_code}' --max-time 5 http://192.168.49.2:30301/
+ code=200
+ [[ 200 =~ ^2|3|4 ]]
+ ok=19
+ for _ in $(seq 1 20)
++ curl -s -o /dev/null -w '%{http_code}' --max-time 5 http://192.168.49.2:30301/
+ code=200
+ [[ 200 =~ ^2|3|4 ]]
+ ok=20
++ [[ false == true ]]
++ echo clear
+ echo 'Fault action: clear'
Fault action: clear
+ echo 'Fault name: fault-delay-any-to-productcatalogservice'
Fault name: fault-delay-any-to-productcatalogservice
+ echo 'Fault type: delay'
Fault type: delay
+ echo 'Namespace: ob-app'
Namespace: ob-app
+ echo 'Source service: any'
Source service: any
+ echo 'Target service: productcatalogservice'
Target service: productcatalogservice
+ echo 'Prometheus P95 before/after: NA -> NA'
Prometheus P95 before/after: NA -> NA
+ echo 'Prometheus error_rate before/after: NA -> NA'
Prometheus error_rate before/after: NA -> NA
+ echo 'Curl success/fail (20 req): 20/0'
Curl success/fail (20 req): 20/0
+ echo 'Prometheus query (P95): histogram_quantile(0.95, sum(rate(istio_request_duration_milliseconds_bucket{destination_service_name="productcatalogservice"}[2m])) by (le))'
Prometheus query (P95): histogram_quantile(0.95, sum(rate(istio_request_duration_milliseconds_bucket{destination_service_name="productcatalogservice"}[2m])) by (le))
+ echo 'Prometheus query (error rate): sum(rate(istio_requests_total{destination_service_name="productcatalogservice",response_code=~"5.."}[2m])) / clamp_min(sum(rate(istio_requests_total{destination_service_name="productcatalogservice"}[2m])), 0.0001)'
Prometheus query (error rate): sum(rate(istio_requests_total{destination_service_name="productcatalogservice",response_code=~"5.."}[2m])) / clamp_min(sum(rate(istio_requests_total{destination_service_name="productcatalogservice"}[2m])), 0.0001)
+ [[ -n /home/shaohui.young/mesh-tracing-scripts/results/runs/20260311_011810_onlineboutique-_head-_high-_low-_delay-_service-_service-productcatalogservice-_r1-/fault ]]
+ python3 - /home/shaohui.young/mesh-tracing-scripts/results/runs/20260311_011810_onlineboutique-_head-_high-_low-_delay-_service-_service-productcatalogservice-_r1-/fault/clear_summary.json fault-delay-any-to-productcatalogservice clear delay ob-app '' productcatalogservice 200 500 10 http://192.168.49.2:30301/ NA NA NA NA 20 0 'histogram_quantile(0.95, sum(rate(istio_request_duration_milliseconds_bucket{destination_service_name="productcatalogservice"}[2m])) by (le))' 'sum(rate(istio_requests_total{destination_service_name="productcatalogservice",response_code=~"5.."}[2m])) / clamp_min(sum(rate(istio_requests_total{destination_service_name="productcatalogservice"}[2m])), 0.0001)' /home/shaohui.young/mesh-tracing-scripts/results/runs/20260311_011810_onlineboutique-_head-_high-_low-_delay-_service-_service-productcatalogservice-_r1-/fault/clear_before_p95.json /home/shaohui.young/mesh-tracing-scripts/results/runs/20260311_011810_onlineboutique-_head-_high-_low-_delay-_service-_service-productcatalogservice-_r1-/fault/clear_after_p95.json /home/shaohui.young/mesh-tracing-scripts/results/runs/20260311_011810_onlineboutique-_head-_high-_low-_delay-_service-_service-productcatalogservice-_r1-/fault/clear_before_error_rate.json /home/shaohui.young/mesh-tracing-scripts/results/runs/20260311_011810_onlineboutique-_head-_high-_low-_delay-_service-_service-productcatalogservice-_r1-/fault/clear_after_error_rate.json /home/shaohui.young/mesh-tracing-scripts/results/runs/20260311_011810_onlineboutique-_head-_high-_low-_delay-_service-_service-productcatalogservice-_r1-/fault/clear_fault-delay-any-to-productcatalogservice.yaml
+ kill 346602
+ trap - EXIT
+ log 'Fault operation completed. Log file: /home/shaohui.young/mesh-tracing-scripts/results/fault.log'
+ echo '[INFO] Fault operation completed. Log file: /home/shaohui.young/mesh-tracing-scripts/results/fault.log'
[INFO] Fault operation completed. Log file: /home/shaohui.young/mesh-tracing-scripts/results/fault.log
++ now_epoch_ms
++ python3 -
+ FAULT_CLEAR_EPOCH_MS=1773192071290
+ FAULT_APPLIED=false
+ write_run_context
+ python3 - /home/shaohui.young/mesh-tracing-scripts/results/runs/20260311_011810_onlineboutique-_head-_high-_low-_delay-_service-_service-productcatalogservice-_r1-/run_context.json 20260311_011810_onlineboutique-_head-_high-_low-_delay-_service-_service-productcatalogservice-_r1- onlineboutique head head high high implemented low 50 60 delay service service=productcatalogservice '' productcatalogservice ob-app observability istio-system 1 '' http://192.168.49.2:30301/ 200 500 10 1773191887044 1773191904002 1773191976452 1773192071290 ''
+ kubectl wait --for=condition=complete job/loadgen-exp-011823 -n ob-app --timeout=420s
job.batch/loadgen-exp-011823 condition met
+ kubectl logs job/loadgen-exp-011823 -n ob-app
++ now_epoch_ms
++ python3 -
+ RUN_END_EPOCH_MS=1773192071845
+ [[ delay == \n\o\n\e ]]
+ write_run_context
+ python3 - /home/shaohui.young/mesh-tracing-scripts/results/runs/20260311_011810_onlineboutique-_head-_high-_low-_delay-_service-_service-productcatalogservice-_r1-/run_context.json 20260311_011810_onlineboutique-_head-_high-_low-_delay-_service-_service-productcatalogservice-_r1- onlineboutique head head high high implemented low 50 60 delay service service=productcatalogservice '' productcatalogservice ob-app observability istio-system 1 '' http://192.168.49.2:30301/ 200 500 10 1773191887044 1773191904002 1773191976452 1773192071290 1773192071845
+ python3 /home/shaohui.young/mesh-tracing-scripts/scripts/parse_fortio_output.py /home/shaohui.young/mesh-tracing-scripts/results/runs/20260311_011810_onlineboutique-_head-_high-_low-_delay-_service-_service-productcatalogservice-_r1-/load/fortio_stdout.log
+ python3 - /home/shaohui.young/mesh-tracing-scripts/results/runs/20260311_011810_onlineboutique-_head-_high-_low-_delay-_service-_service-productcatalogservice-_r1-/load/load_summary.json loadgen-exp-011823 onlineboutique ob-app 50 120 http://192.168.49.2:30301/
+ bash /home/shaohui.young/mesh-tracing-scripts/scripts/07_collect_metrics.sh --window 60 --output_dir /home/shaohui.young/mesh-tracing-scripts/results/runs/20260311_011810_onlineboutique-_head-_high-_low-_delay-_service-_service-productcatalogservice-_r1- --obs-namespace observability --app-namespace ob-app
[INFO] Collecting base cluster snapshots into /home/shaohui.young/mesh-tracing-scripts/results/runs/20260311_011810_onlineboutique-_head-_high-_low-_delay-_service-_service-productcatalogservice-_r1-/snapshots...
[INFO] Port-forward to Prometheus service obs-kube-prometheus-stack-prometheus in ns=observability...
[INFO] Dumping sampling/fault config snapshots...
[INFO] Metrics collection completed: /home/shaohui.young/mesh-tracing-scripts/results/runs/20260311_011810_onlineboutique-_head-_high-_low-_delay-_service-_service-productcatalogservice-_r1-
[INFO] Artifacts:
[INFO]   - /home/shaohui.young/mesh-tracing-scripts/results/runs/20260311_011810_onlineboutique-_head-_high-_low-_delay-_service-_service-productcatalogservice-_r1-/cost_metrics.json
[INFO]   - /home/shaohui.young/mesh-tracing-scripts/results/runs/20260311_011810_onlineboutique-_head-_high-_low-_delay-_service-_service-productcatalogservice-_r1-/metrics_raw
++ resolve_reference_run_summary
++ python3 - /home/shaohui.young/mesh-tracing-scripts/results/index.jsonl onlineboutique low 50 delay service service=productcatalogservice 1 head
+ REFERENCE_SUMMARY_FILE=/home/shaohui.young/mesh-tracing-scripts/results/runs/20260311_011253_onlineboutique-_reference-_high-_low-_delay-_service-_service-productcatalogservice-_r1-/summary.json
+ REFERENCE_RUN_ID=
+ REFERENCE_RUN_DIR=
++ resolve_entry_service
++ [[ onlineboutique == \o\n\l\i\n\e\b\o\u\t\i\q\u\e ]]
++ echo frontend.ob-app
+ ENTRY_SERVICE=frontend.ob-app
+ JAEGER_PF_PID=347089
+ sleep 3
+ kubectl -n observability port-forward svc/jaeger-query 16689:16686
+ python3 /home/shaohui.young/mesh-tracing-scripts/scripts/export_traces.py --run-dir /home/shaohui.young/mesh-tracing-scripts/results/runs/20260311_011810_onlineboutique-_head-_high-_low-_delay-_service-_service-productcatalogservice-_r1- --jaeger-url http://127.0.0.1:16689 --entry-service frontend.ob-app --start-us 1773191976452000 --end-us 1773192071290000 --output-json /home/shaohui.young/mesh-tracing-scripts/results/runs/20260311_011810_onlineboutique-_head-_high-_low-_delay-_service-_service-productcatalogservice-_r1-/utility/raw_traces/current_traces.json --output-meta /home/shaohui.young/mesh-tracing-scripts/results/runs/20260311_011810_onlineboutique-_head-_high-_low-_delay-_service-_service-productcatalogservice-_r1-/utility/raw_traces/current_trace_meta.json --limit 5000
+ REFERENCE_TRACE_ARGS=()
+ [[ -n /home/shaohui.young/mesh-tracing-scripts/results/runs/20260311_011253_onlineboutique-_reference-_high-_low-_delay-_service-_service-productcatalogservice-_r1-/summary.json ]]
+ [[ -f /home/shaohui.young/mesh-tracing-scripts/results/runs/20260311_011253_onlineboutique-_reference-_high-_low-_delay-_service-_service-productcatalogservice-_r1-/summary.json ]]
++ dirname /home/shaohui.young/mesh-tracing-scripts/results/runs/20260311_011253_onlineboutique-_reference-_high-_low-_delay-_service-_service-productcatalogservice-_r1-/summary.json
+ REFERENCE_RUN_DIR=/home/shaohui.young/mesh-tracing-scripts/results/runs/20260311_011253_onlineboutique-_reference-_high-_low-_delay-_service-_service-productcatalogservice-_r1-
++ python3 - /home/shaohui.young/mesh-tracing-scripts/results/runs/20260311_011253_onlineboutique-_reference-_high-_low-_delay-_service-_service-productcatalogservice-_r1-/summary.json
+ REFERENCE_RUN_ID=20260311_011253_onlineboutique-_reference-_high-_low-_delay-_service-_service-productcatalogservice-_r1-
+ python3 - /home/shaohui.young/mesh-tracing-scripts/results/runs/20260311_011253_onlineboutique-_reference-_high-_low-_delay-_service-_service-productcatalogservice-_r1-/run_context.json
++ python3 - /home/shaohui.young/mesh-tracing-scripts/results/runs/20260311_011810_onlineboutique-_head-_high-_low-_delay-_service-_service-productcatalogservice-_r1-/utility/reference_window.txt
+ REF_WINDOW=1773191656933,1773191750557
+ REF_START_MS=1773191656933
+ REF_END_MS=1773191750557
+ [[ -n 1773191656933 ]]
+ [[ -n 1773191750557 ]]
+ python3 /home/shaohui.young/mesh-tracing-scripts/scripts/export_traces.py --run-dir /home/shaohui.young/mesh-tracing-scripts/results/runs/20260311_011253_onlineboutique-_reference-_high-_low-_delay-_service-_service-productcatalogservice-_r1- --jaeger-url http://127.0.0.1:16689 --entry-service frontend.ob-app --start-us 1773191656933000 --end-us 1773191750557000 --output-json /home/shaohui.young/mesh-tracing-scripts/results/runs/20260311_011810_onlineboutique-_head-_high-_low-_delay-_service-_service-productcatalogservice-_r1-/utility/raw_traces/reference_traces.json --output-meta /home/shaohui.young/mesh-tracing-scripts/results/runs/20260311_011810_onlineboutique-_head-_high-_low-_delay-_service-_service-productcatalogservice-_r1-/utility/raw_traces/reference_trace_meta.json --limit 5000
+ REFERENCE_TRACE_ARGS=(--reference-run-id "${REFERENCE_RUN_ID}" --reference-traces "${OUT_DIR}/utility/raw_traces/reference_traces.json")
+ python3 /home/shaohui.young/mesh-tracing-scripts/scripts/compute_rca.py --run-dir /home/shaohui.young/mesh-tracing-scripts/results/runs/20260311_011810_onlineboutique-_head-_high-_low-_delay-_service-_service-productcatalogservice-_r1- --current-traces /home/shaohui.young/mesh-tracing-scripts/results/runs/20260311_011810_onlineboutique-_head-_high-_low-_delay-_service-_service-productcatalogservice-_r1-/utility/raw_traces/current_traces.json --reference-run-id 20260311_011253_onlineboutique-_reference-_high-_low-_delay-_service-_service-productcatalogservice-_r1- --reference-traces /home/shaohui.young/mesh-tracing-scripts/results/runs/20260311_011810_onlineboutique-_head-_high-_low-_delay-_service-_service-productcatalogservice-_r1-/utility/raw_traces/reference_traces.json
+ kill 347089
+ JAEGER_PF_PID=
+ python3 - /home/shaohui.young/mesh-tracing-scripts/results/runs/20260311_011810_onlineboutique-_head-_high-_low-_delay-_service-_service-productcatalogservice-_r1-/summary.json /home/shaohui.young/mesh-tracing-scripts/results/runs/20260311_011810_onlineboutique-_head-_high-_low-_delay-_service-_service-productcatalogservice-_r1-/run_context.json /home/shaohui.young/mesh-tracing-scripts/results/runs/20260311_011810_onlineboutique-_head-_high-_low-_delay-_service-_service-productcatalogservice-_r1-/load/load_summary.json /home/shaohui.young/mesh-tracing-scripts/results/runs/20260311_011810_onlineboutique-_head-_high-_low-_delay-_service-_service-productcatalogservice-_r1-/cost_metrics.json /home/shaohui.young/mesh-tracing-scripts/results/runs/20260311_011810_onlineboutique-_head-_high-_low-_delay-_service-_service-productcatalogservice-_r1-/utility/rca_ranking.json /home/shaohui.young/mesh-tracing-scripts/results/runs/20260311_011810_onlineboutique-_head-_high-_low-_delay-_service-_service-productcatalogservice-_r1-/utility/critical_path.json /home/shaohui.young/mesh-tracing-scripts/results/runs/20260311_011810_onlineboutique-_head-_high-_low-_delay-_service-_service-productcatalogservice-_r1-/fault/apply_summary.json /home/shaohui.young/mesh-tracing-scripts/results/runs/20260311_011810_onlineboutique-_head-_high-_low-_delay-_service-_service-productcatalogservice-_r1-/fault/clear_summary.json
+ python3 - /home/shaohui.young/mesh-tracing-scripts/results/index.jsonl /home/shaohui.young/mesh-tracing-scripts/results/runs/20260311_011810_onlineboutique-_head-_high-_low-_delay-_service-_service-productcatalogservice-_r1-/summary.json
+ echo /home/shaohui.young/mesh-tracing-scripts/results/runs/20260311_011810_onlineboutique-_head-_high-_low-_delay-_service-_service-productcatalogservice-_r1-
+ log 'Experiment completed. Result directory: /home/shaohui.young/mesh-tracing-scripts/results/runs/20260311_011810_onlineboutique-_head-_high-_low-_delay-_service-_service-productcatalogservice-_r1-'
+ echo '[INFO] Experiment completed. Result directory: /home/shaohui.young/mesh-tracing-scripts/results/runs/20260311_011810_onlineboutique-_head-_high-_low-_delay-_service-_service-productcatalogservice-_r1-'
[INFO] Experiment completed. Result directory: /home/shaohui.young/mesh-tracing-scripts/results/runs/20260311_011810_onlineboutique-_head-_high-_low-_delay-_service-_service-productcatalogservice-_r1-
+ echo RESULT_DIR=/home/shaohui.young/mesh-tracing-scripts/results/runs/20260311_011810_onlineboutique-_head-_high-_low-_delay-_service-_service-productcatalogservice-_r1-
RESULT_DIR=/home/shaohui.young/mesh-tracing-scripts/results/runs/20260311_011810_onlineboutique-_head-_high-_low-_delay-_service-_service-productcatalogservice-_r1-
+ cleanup_fault
+ kill ''
+ true
+ [[ false == true ]]
==== 2026-03-11 15:35:20 experiment run ====
+ [[ reference == \m\y\_\p\o\l\i\c\y ]]
+ trap cleanup_fault EXIT
++ now_epoch_ms
++ python3 -
+ RUN_START_EPOCH_MS=1773243320673
+ ensure_prereq
+ bash /home/shaohui.young/mesh-tracing-scripts/scripts/00_prereq_check.sh
[INFO] Checking kubectl version...
Client Version: v1.35.2
Kustomize Version: v5.7.1
[INFO] Checking istioctl version...
client version: 1.29.0
[INFO] Checking helm version...
version.BuildInfo{Version:"v3.20.0", GitCommit:"b2e4314fa0f229a1de7b4c981273f61d69ee5a59", GitTreeState:"clean", GoVersion:"go1.25.6"}
[INFO] Checking minikube status...
minikube
type: Control Plane
host: Running
kubelet: Running
apiserver: Stopped
kubeconfig: Configured

minikube-m02
type: Worker
host: Running
kubelet: Running

[ERROR] minikube is not reachable or not running.
+ cleanup_fault
+ kill ''
+ true
+ [[ false == true ]]
==== 2026-03-11 15:48:39 experiment run ====
+ [[ reference == \m\y\_\p\o\l\i\c\y ]]
+ trap cleanup_fault EXIT
++ now_epoch_ms
++ python3 -
+ RUN_START_EPOCH_MS=1773244119560
+ ensure_prereq
+ bash /home/shaohui.young/mesh-tracing-scripts/scripts/00_prereq_check.sh
[INFO] Checking kubectl version...
Client Version: v1.35.2
Kustomize Version: v5.7.1
[INFO] Checking istioctl version...
client version: 1.29.0
[INFO] Checking helm version...
version.BuildInfo{Version:"v3.20.0", GitCommit:"b2e4314fa0f229a1de7b4c981273f61d69ee5a59", GitTreeState:"clean", GoVersion:"go1.25.6"}
[INFO] Checking minikube status...
minikube
type: Control Plane
host: Running
kubelet: Running
apiserver: Running
kubeconfig: Configured

minikube-m02
type: Worker
host: Running
kubelet: Running

[INFO] Checking kubectl connectivity...
NAME           STATUS   ROLES           AGE   VERSION   INTERNAL-IP    EXTERNAL-IP   OS-IMAGE                         KERNEL-VERSION    CONTAINER-RUNTIME
minikube       Ready    control-plane   39h   v1.35.1   192.168.49.2   <none>        Debian GNU/Linux 12 (bookworm)   6.17.0-1007-gcp   docker://29.2.1
minikube-m02   Ready    <none>          39h   v1.35.1   192.168.49.3   <none>        Debian GNU/Linux 12 (bookworm)   6.17.0-1007-gcp   docker://29.2.1
[INFO] Validation: checking Istio CRDs visibility (may be empty before install)...
authorizationpolicies.security.istio.io     2026-03-10T00:38:55Z
destinationrules.networking.istio.io        2026-03-10T00:38:54Z
envoyfilters.networking.istio.io            2026-03-10T00:38:54Z
gateways.networking.istio.io                2026-03-10T00:38:54Z
peerauthentications.security.istio.io       2026-03-10T00:38:55Z
proxyconfigs.networking.istio.io            2026-03-10T00:38:54Z
requestauthentications.security.istio.io    2026-03-10T00:38:55Z
serviceentries.networking.istio.io          2026-03-10T00:38:54Z
sidecars.networking.istio.io                2026-03-10T00:38:54Z
telemetries.telemetry.istio.io              2026-03-10T00:38:55Z
virtualservices.networking.istio.io         2026-03-10T00:38:54Z
wasmplugins.extensions.istio.io             2026-03-10T00:38:53Z
workloadentries.networking.istio.io         2026-03-10T00:38:54Z
workloadgroups.networking.istio.io          2026-03-10T00:38:54Z
[INFO] Prerequisite checks completed.
+ ensure_istio
+ kubectl -n istio-system get deploy istiod
+ ensure_app
+ local key_deploy=productpage
+ [[ onlineboutique == \o\n\l\i\n\e\b\o\u\t\i\q\u\e ]]
+ key_deploy=frontend
+ kubectl -n ob-app get deploy frontend
+ ensure_observability
+ kubectl -n observability get deploy otel-collector
+ parse_target
+ local raw_target=service=productcatalogservice
+ [[ -z service=productcatalogservice ]]
+ [[ -z service=productcatalogservice ]]
+ [[ service=productcatalogservice == *\-\>* ]]
+ [[ service=productcatalogservice == service=* ]]
+ FAULT_TARGET_TYPE=service
+ SOURCE_SERVICE=
+ TARGET_SERVICE=productcatalogservice
+ FAULT_TARGET=service=productcatalogservice
+ [[ -z '' ]]
++ detect_target_url
++ local path=/
++ [[ onlineboutique == \b\o\o\k\i\n\f\o ]]
++ command -v minikube
++ minikube status
++ local ip nodeport
+++ minikube ip
++ ip=192.168.49.2
+++ kubectl -n istio-system get svc istio-ingressgateway -o 'jsonpath={.spec.ports[?(@.name=="http2")].nodePort}'
++ nodeport=30301
++ [[ -n 192.168.49.2 ]]
++ [[ -n 30301 ]]
++ echo http://192.168.49.2:30301/
++ return 0
+ TARGET_URL=http://192.168.49.2:30301/
+ [[ -n http://192.168.49.2:30301/ ]]
+ resolve_output_dir
+ [[ -z '' ]]
++ date +%Y%m%d_%H%M%S
++ sanitize_component onlineboutique
++ echo onlineboutique
++ tr '[:upper:]' '[:lower:]'
++ tr -cs a-z0-9._- -
++ sanitize_component reference
++ echo reference
++ tr '[:upper:]' '[:lower:]'
++ tr -cs a-z0-9._- -
++ sanitize_component high
++ echo high
++ tr '[:upper:]' '[:lower:]'
++ tr -cs a-z0-9._- -
+ RUN_ID=20260311_154845_onlineboutique-_reference-_high-
++ sanitize_component low
++ echo low
++ tr -cs a-z0-9._- -
++ tr '[:upper:]' '[:lower:]'
++ sanitize_component delay
++ echo delay
++ tr '[:upper:]' '[:lower:]'
++ tr -cs a-z0-9._- -
+ RUN_ID+=_low-_delay-
++ sanitize_component service
++ echo service
++ tr '[:upper:]' '[:lower:]'
++ tr -cs a-z0-9._- -
+ RUN_ID+=_service-
+ [[ -n service=productcatalogservice ]]
++ sanitize_component service=productcatalogservice
++ echo service=productcatalogservice
++ tr '[:upper:]' '[:lower:]'
++ tr -cs a-z0-9._- -
+ RUN_ID+=_service-productcatalogservice-
++ sanitize_component 2
++ echo 2
++ tr '[:upper:]' '[:lower:]'
++ tr -cs a-z0-9._- -
+ RUN_ID+=_r2-
+ [[ -n '' ]]
+ OUT_DIR=/home/shaohui.young/mesh-tracing-scripts/results/runs/20260311_154845_onlineboutique-_reference-_high-_low-_delay-_service-_service-productcatalogservice-_r2-
+ mkdir -p /home/shaohui.young/mesh-tracing-scripts/results/runs/20260311_154845_onlineboutique-_reference-_high-_low-_delay-_service-_service-productcatalogservice-_r2-/load /home/shaohui.young/mesh-tracing-scripts/results/runs/20260311_154845_onlineboutique-_reference-_high-_low-_delay-_service-_service-productcatalogservice-_r2-/fault /home/shaohui.young/mesh-tracing-scripts/results/runs/20260311_154845_onlineboutique-_reference-_high-_low-_delay-_service-_service-productcatalogservice-_r2-/utility
+ write_run_context
+ python3 - /home/shaohui.young/mesh-tracing-scripts/results/runs/20260311_154845_onlineboutique-_reference-_high-_low-_delay-_service-_service-productcatalogservice-_r2-/run_context.json 20260311_154845_onlineboutique-_reference-_high-_low-_delay-_service-_service-productcatalogservice-_r2- onlineboutique reference reference high high implemented low 50 60 delay service service=productcatalogservice '' productcatalogservice ob-app observability istio-system 2 '' http://192.168.49.2:30301/ 200 500 10 1773244119560 '' '' '' ''
+ write_utility_placeholders
+ python3 - /home/shaohui.young/mesh-tracing-scripts/results/runs/20260311_154845_onlineboutique-_reference-_high-_low-_delay-_service-_service-productcatalogservice-_r2-/utility/rca_ranking.json service=productcatalogservice productcatalogservice
+ python3 - /home/shaohui.young/mesh-tracing-scripts/results/runs/20260311_154845_onlineboutique-_reference-_high-_low-_delay-_service-_service-productcatalogservice-_r2-/utility/critical_path.json
+ bash /home/shaohui.young/mesh-tracing-scripts/scripts/04_apply_sampling_policy.sh --policy reference --budget high --namespace observability --app onlineboutique --app-namespace ob-app
+ [[ reference =~ ^(baseline_head|baseline_tail|ours)$ ]]
+ log 'Applying sampling policy ConfigMap for policy=reference, budget=high'
+ echo '[INFO] Applying sampling policy ConfigMap for policy=reference, budget=high'
[INFO] Applying sampling policy ConfigMap for policy=reference, budget=high
+ [[ reference =~ ^(baseline_head|baseline_tail|ours)$ ]]
+ apply_generated_policy reference high
+ local generated_policy=reference
+ local generated_budget=high
+ local percentage=100
+ case "${generated_budget}" in
+ percentage=100
+ [[ reference == \r\e\f\e\r\e\n\c\e ]]
+ kubectl apply -n observability -f -
configmap/otel-collector-config configured
+ TELEMETRY_SAMPLING=100.0
+ [[ reference == \n\o\_\t\r\a\c\i\n\g ]]
+ kubectl apply -n ob-app -f -
telemetry.telemetry.istio.io/tracing-default unchanged
+ log 'Rolling restart collector deployment...'
+ echo '[INFO] Rolling restart collector deployment...'
[INFO] Rolling restart collector deployment...
+ kubectl -n observability rollout restart deployment/otel-collector
deployment.apps/otel-collector restarted
+ kubectl -n observability rollout status deployment/otel-collector --timeout=240s
Waiting for deployment "otel-collector" rollout to finish: 1 old replicas are pending termination...
Waiting for deployment "otel-collector" rollout to finish: 1 old replicas are pending termination...
deployment "otel-collector" successfully rolled out
+ log 'Current effective config summary (otel-collector-config.data.config.yaml):'
+ echo '[INFO] Current effective config summary (otel-collector-config.data.config.yaml):'
[INFO] Current effective config summary (otel-collector-config.data.config.yaml):
+ kubectl get configmap otel-collector-config -n observability -o 'go-template={{index .data "config.yaml"}}'
+ awk '
      /processors:/ {inproc=1}
      inproc==1 && /exporters:/ {inproc=0}
      inproc==1 {print}
    '
processors:
  probabilistic_sampler:
    sampling_percentage: 100
  batch:
    timeout: 1s
      processors: [probabilistic_sampler, batch]
+ echo 'telemetry_sampling_percentage: 100.0'
telemetry_sampling_percentage: 100.0
+ log 'Simple verification by Jaeger trace count (same traffic, switch budget low/mid/high and compare):'
+ echo '[INFO] Simple verification by Jaeger trace count (same traffic, switch budget low/mid/high and compare):'
[INFO] Simple verification by Jaeger trace count (same traffic, switch budget low/mid/high and compare):
+ PF_PID=748758
+ trap 'kill ${PF_PID:-} >/dev/null 2>&1 || true' EXIT
+ sleep 3
+ kubectl -n observability port-forward svc/jaeger-query 16688:16686
+ [[ -z onlineboutique ]]
+ [[ onlineboutique == \o\n\l\i\n\e\b\o\u\t\i\q\u\e ]]
+ JAEGER_CANDIDATES=("frontend.${APP_NAMESPACE}" "frontend")
+ JAEGER_SERVICE_NAME=frontend.ob-app
+ TRACE_CNT=NA
+ for svc in "${JAEGER_CANDIDATES[@]}"
++ curl -fsS 'http://127.0.0.1:16688/api/traces?service=frontend.ob-app&lookback=15m&limit=200'
++ python3 -c 'import json,sys; d=json.load(sys.stdin); print(len(d.get("data", [])))'
+ cnt=56
+ JAEGER_SERVICE_NAME=frontend.ob-app
+ TRACE_CNT=56
+ [[ 56 != \N\A ]]
+ [[ 56 != \0 ]]
+ break
+ echo 'trace_count_last_15m(service=frontend.ob-app, limit=200): 56'
trace_count_last_15m(service=frontend.ob-app, limit=200): 56
+ echo check_command:
check_command:
+ echo 'curl -fsS "http://127.0.0.1:16688/api/traces?service=frontend.ob-app&lookback=15m&limit=200" | python3 -c '\''import json,sys; d=json.load(sys.stdin); print(len(d.get("data", [])))'\'''
curl -fsS "http://127.0.0.1:16688/api/traces?service=frontend.ob-app&lookback=15m&limit=200" | python3 -c 'import json,sys; d=json.load(sys.stdin); print(len(d.get("data", [])))'
+ [[ reference == \n\o\_\t\r\a\c\i\n\g ]]
+ echo 'expected: with same load pattern, low < mid < high (trace count or exported spans/sec).'
expected: with same load pattern, low < mid < high (trace count or exported spans/sec).
+ kill 748758
+ trap - EXIT
+ log 'Sampling policy applied successfully: policy=reference, budget=high, namespace=observability'
+ echo '[INFO] Sampling policy applied successfully: policy=reference, budget=high, namespace=observability'
[INFO] Sampling policy applied successfully: policy=reference, budget=high, namespace=observability
+ log 'Log file: /home/shaohui.young/mesh-tracing-scripts/results/sampling.log'
+ echo '[INFO] Log file: /home/shaohui.young/mesh-tracing-scripts/results/sampling.log'
[INFO] Log file: /home/shaohui.young/mesh-tracing-scripts/results/sampling.log
+ WARMUP_SEC=60
+ FAULT_PHASE_SEC=36
+ FAULT_START_AFTER_WARMUP=12
+ TOTAL_LOAD_SEC=120
++ date +%H%M%S
+ LOAD_JOB_NAME=loadgen-exp-154905
+ kubectl delete job loadgen-exp-154905 -n ob-app --ignore-not-found
++ now_epoch_ms
++ python3 -
+ LOAD_START_EPOCH_MS=1773244146101
+ write_run_context
+ python3 - /home/shaohui.young/mesh-tracing-scripts/results/runs/20260311_154845_onlineboutique-_reference-_high-_low-_delay-_service-_service-productcatalogservice-_r2-/run_context.json 20260311_154845_onlineboutique-_reference-_high-_low-_delay-_service-_service-productcatalogservice-_r2- onlineboutique reference reference high high implemented low 50 60 delay service service=productcatalogservice '' productcatalogservice ob-app observability istio-system 2 '' http://192.168.49.2:30301/ 200 500 10 1773244119560 1773244146101 '' '' ''
+ kubectl apply -n ob-app -f -
job.batch/loadgen-exp-154905 created
+ sleep 60
+ sleep 12
+ [[ delay != \n\o\n\e ]]
+ fault_args=()
+ [[ -n '' ]]
++ now_epoch_ms
++ python3 -
+ FAULT_APPLY_EPOCH_MS=1773244218590
+ write_run_context
+ python3 - /home/shaohui.young/mesh-tracing-scripts/results/runs/20260311_154845_onlineboutique-_reference-_high-_low-_delay-_service-_service-productcatalogservice-_r2-/run_context.json 20260311_154845_onlineboutique-_reference-_high-_low-_delay-_service-_service-productcatalogservice-_r2- onlineboutique reference reference high high implemented low 50 60 delay service service=productcatalogservice '' productcatalogservice ob-app observability istio-system 2 '' http://192.168.49.2:30301/ 200 500 10 1773244119560 1773244146101 1773244218590 '' ''
+ bash /home/shaohui.young/mesh-tracing-scripts/scripts/05_inject_fault.sh --apply --fault delay --target_service productcatalogservice --fixed_delay_ms 200 --http_status 500 --percentage 10 --namespace ob-app --obs-namespace observability --target_url http://192.168.49.2:30301/ --output-dir /home/shaohui.young/mesh-tracing-scripts/results/runs/20260311_154845_onlineboutique-_reference-_high-_low-_delay-_service-_service-productcatalogservice-_r2-
+ [[ -n /home/shaohui.young/mesh-tracing-scripts/results/runs/20260311_154845_onlineboutique-_reference-_high-_low-_delay-_service-_service-productcatalogservice-_r2- ]]
+ case "${OUTPUT_DIR}" in
+ FAULT_DIR=/home/shaohui.young/mesh-tracing-scripts/results/runs/20260311_154845_onlineboutique-_reference-_high-_low-_delay-_service-_service-productcatalogservice-_r2-/fault
+ mkdir -p /home/shaohui.young/mesh-tracing-scripts/results/runs/20260311_154845_onlineboutique-_reference-_high-_low-_delay-_service-_service-productcatalogservice-_r2-/fault
+ kubectl get svc productcatalogservice -n ob-app
+ [[ -n '' ]]
+ [[ -z http://192.168.49.2:30301/ ]]
+ before_p95=NA
+ before_err=NA
+ kubectl -n observability port-forward svc/obs-kube-prometheus-stack-prometheus 19092:9090
+ PROM_PF_PID=749844
+ trap 'kill ${PROM_PF_PID:-} >/dev/null 2>&1 || true' EXIT
+ sleep 3
+ P95_QUERY='histogram_quantile(0.95, sum(rate(istio_request_duration_milliseconds_bucket{destination_service_name="productcatalogservice"}[2m])) by (le))'
+ ERR_QUERY='sum(rate(istio_requests_total{destination_service_name="productcatalogservice",response_code=~"5.."}[2m])) / clamp_min(sum(rate(istio_requests_total{destination_service_name="productcatalogservice"}[2m])), 0.0001)'
+ BEFORE_P95_FILE=
+ BEFORE_ERR_FILE=
+ AFTER_P95_FILE=
+ AFTER_ERR_FILE=
+ RENDERED_FILE=
+ [[ -n /home/shaohui.young/mesh-tracing-scripts/results/runs/20260311_154845_onlineboutique-_reference-_high-_low-_delay-_service-_service-productcatalogservice-_r2-/fault ]]
+ BEFORE_P95_FILE=/home/shaohui.young/mesh-tracing-scripts/results/runs/20260311_154845_onlineboutique-_reference-_high-_low-_delay-_service-_service-productcatalogservice-_r2-/fault/apply_before_p95.json
+ BEFORE_ERR_FILE=/home/shaohui.young/mesh-tracing-scripts/results/runs/20260311_154845_onlineboutique-_reference-_high-_low-_delay-_service-_service-productcatalogservice-_r2-/fault/apply_before_error_rate.json
+ AFTER_P95_FILE=/home/shaohui.young/mesh-tracing-scripts/results/runs/20260311_154845_onlineboutique-_reference-_high-_low-_delay-_service-_service-productcatalogservice-_r2-/fault/apply_after_p95.json
+ AFTER_ERR_FILE=/home/shaohui.young/mesh-tracing-scripts/results/runs/20260311_154845_onlineboutique-_reference-_high-_low-_delay-_service-_service-productcatalogservice-_r2-/fault/apply_after_error_rate.json
+ RENDERED_FILE=/home/shaohui.young/mesh-tracing-scripts/results/runs/20260311_154845_onlineboutique-_reference-_high-_low-_delay-_service-_service-productcatalogservice-_r2-/fault/apply_fault-delay-any-to-productcatalogservice.yaml
++ query_prom 'histogram_quantile(0.95, sum(rate(istio_request_duration_milliseconds_bucket{destination_service_name="productcatalogservice"}[2m])) by (le))'
+ p95_json='{"status":"success","data":{"resultType":"vector","result":[]}}'
++ printf %s '{"status":"success","data":{"resultType":"vector","result":[]}}'
++ extract_prom_value
+ before_p95=NA
+ [[ -n /home/shaohui.young/mesh-tracing-scripts/results/runs/20260311_154845_onlineboutique-_reference-_high-_low-_delay-_service-_service-productcatalogservice-_r2-/fault/apply_before_p95.json ]]
+ printf '%s\n' '{"status":"success","data":{"resultType":"vector","result":[]}}'
++ query_prom 'sum(rate(istio_requests_total{destination_service_name="productcatalogservice",response_code=~"5.."}[2m])) / clamp_min(sum(rate(istio_requests_total{destination_service_name="productcatalogservice"}[2m])), 0.0001)'
+ err_json='{"status":"success","data":{"resultType":"vector","result":[]}}'
++ extract_prom_value
++ printf %s '{"status":"success","data":{"resultType":"vector","result":[]}}'
+ before_err=NA
+ [[ -n /home/shaohui.young/mesh-tracing-scripts/results/runs/20260311_154845_onlineboutique-_reference-_high-_low-_delay-_service-_service-productcatalogservice-_r2-/fault/apply_before_error_rate.json ]]
+ printf '%s\n' '{"status":"success","data":{"resultType":"vector","result":[]}}'
+ [[ true == true ]]
+ [[ -z '' ]]
+ [[ delay == \d\e\l\a\y ]]
+ [[ -n /home/shaohui.young/mesh-tracing-scripts/results/runs/20260311_154845_onlineboutique-_reference-_high-_low-_delay-_service-_service-productcatalogservice-_r2-/fault/apply_fault-delay-any-to-productcatalogservice.yaml ]]
+ cat
+ kubectl apply -n ob-app -f /home/shaohui.young/mesh-tracing-scripts/results/runs/20260311_154845_onlineboutique-_reference-_high-_low-_delay-_service-_service-productcatalogservice-_r2-/fault/apply_fault-delay-any-to-productcatalogservice.yaml
virtualservice.networking.istio.io/fault-delay-any-to-productcatalogservice created
+ kubectl get virtualservice fault-delay-any-to-productcatalogservice -n ob-app
NAME                                       GATEWAYS   HOSTS                       AGE
fault-delay-any-to-productcatalogservice              ["productcatalogservice"]   1s
+ sleep 20
+ after_p95=NA
+ after_err=NA
++ query_prom 'histogram_quantile(0.95, sum(rate(istio_request_duration_milliseconds_bucket{destination_service_name="productcatalogservice"}[2m])) by (le))'
+ p95_json2='{"status":"success","data":{"resultType":"vector","result":[]}}'
++ printf %s '{"status":"success","data":{"resultType":"vector","result":[]}}'
++ extract_prom_value
+ after_p95=NA
+ [[ -n /home/shaohui.young/mesh-tracing-scripts/results/runs/20260311_154845_onlineboutique-_reference-_high-_low-_delay-_service-_service-productcatalogservice-_r2-/fault/apply_after_p95.json ]]
+ printf '%s\n' '{"status":"success","data":{"resultType":"vector","result":[]}}'
++ query_prom 'sum(rate(istio_requests_total{destination_service_name="productcatalogservice",response_code=~"5.."}[2m])) / clamp_min(sum(rate(istio_requests_total{destination_service_name="productcatalogservice"}[2m])), 0.0001)'
+ err_json2='{"status":"success","data":{"resultType":"vector","result":[]}}'
++ extract_prom_value
++ printf %s '{"status":"success","data":{"resultType":"vector","result":[]}}'
+ after_err=NA
+ [[ -n /home/shaohui.young/mesh-tracing-scripts/results/runs/20260311_154845_onlineboutique-_reference-_high-_low-_delay-_service-_service-productcatalogservice-_r2-/fault/apply_after_error_rate.json ]]
+ printf '%s\n' '{"status":"success","data":{"resultType":"vector","result":[]}}'
+ log 'Simple runtime check via curl (inside cluster DNS): http://192.168.49.2:30301/'
+ echo '[INFO] Simple runtime check via curl (inside cluster DNS): http://192.168.49.2:30301/'
[INFO] Simple runtime check via curl (inside cluster DNS): http://192.168.49.2:30301/
+ ok=0
+ fail=0
++ seq 1 20
+ for _ in $(seq 1 20)
++ curl -s -o /dev/null -w '%{http_code}' --max-time 5 http://192.168.49.2:30301/
+ code=200
+ [[ 200 =~ ^2|3|4 ]]
+ ok=1
+ for _ in $(seq 1 20)
++ curl -s -o /dev/null -w '%{http_code}' --max-time 5 http://192.168.49.2:30301/
+ code=200
+ [[ 200 =~ ^2|3|4 ]]
+ ok=2
+ for _ in $(seq 1 20)
++ curl -s -o /dev/null -w '%{http_code}' --max-time 5 http://192.168.49.2:30301/
+ code=200
+ [[ 200 =~ ^2|3|4 ]]
+ ok=3
+ for _ in $(seq 1 20)
++ curl -s -o /dev/null -w '%{http_code}' --max-time 5 http://192.168.49.2:30301/
+ code=200
+ [[ 200 =~ ^2|3|4 ]]
+ ok=4
+ for _ in $(seq 1 20)
++ curl -s -o /dev/null -w '%{http_code}' --max-time 5 http://192.168.49.2:30301/
+ code=200
+ [[ 200 =~ ^2|3|4 ]]
+ ok=5
+ for _ in $(seq 1 20)
++ curl -s -o /dev/null -w '%{http_code}' --max-time 5 http://192.168.49.2:30301/
+ code=200
+ [[ 200 =~ ^2|3|4 ]]
+ ok=6
+ for _ in $(seq 1 20)
++ curl -s -o /dev/null -w '%{http_code}' --max-time 5 http://192.168.49.2:30301/
+ code=200
+ [[ 200 =~ ^2|3|4 ]]
+ ok=7
+ for _ in $(seq 1 20)
++ curl -s -o /dev/null -w '%{http_code}' --max-time 5 http://192.168.49.2:30301/
+ code=200
+ [[ 200 =~ ^2|3|4 ]]
+ ok=8
+ for _ in $(seq 1 20)
++ curl -s -o /dev/null -w '%{http_code}' --max-time 5 http://192.168.49.2:30301/
+ code=200
+ [[ 200 =~ ^2|3|4 ]]
+ ok=9
+ for _ in $(seq 1 20)
++ curl -s -o /dev/null -w '%{http_code}' --max-time 5 http://192.168.49.2:30301/
+ code=200
+ [[ 200 =~ ^2|3|4 ]]
+ ok=10
+ for _ in $(seq 1 20)
++ curl -s -o /dev/null -w '%{http_code}' --max-time 5 http://192.168.49.2:30301/
+ code=200
+ [[ 200 =~ ^2|3|4 ]]
+ ok=11
+ for _ in $(seq 1 20)
++ curl -s -o /dev/null -w '%{http_code}' --max-time 5 http://192.168.49.2:30301/
+ code=200
+ [[ 200 =~ ^2|3|4 ]]
+ ok=12
+ for _ in $(seq 1 20)
++ curl -s -o /dev/null -w '%{http_code}' --max-time 5 http://192.168.49.2:30301/
+ code=200
+ [[ 200 =~ ^2|3|4 ]]
+ ok=13
+ for _ in $(seq 1 20)
++ curl -s -o /dev/null -w '%{http_code}' --max-time 5 http://192.168.49.2:30301/
+ code=200
+ [[ 200 =~ ^2|3|4 ]]
+ ok=14
+ for _ in $(seq 1 20)
++ curl -s -o /dev/null -w '%{http_code}' --max-time 5 http://192.168.49.2:30301/
+ code=200
+ [[ 200 =~ ^2|3|4 ]]
+ ok=15
+ for _ in $(seq 1 20)
++ curl -s -o /dev/null -w '%{http_code}' --max-time 5 http://192.168.49.2:30301/
+ code=200
+ [[ 200 =~ ^2|3|4 ]]
+ ok=16
+ for _ in $(seq 1 20)
++ curl -s -o /dev/null -w '%{http_code}' --max-time 5 http://192.168.49.2:30301/
+ code=200
+ [[ 200 =~ ^2|3|4 ]]
+ ok=17
+ for _ in $(seq 1 20)
++ curl -s -o /dev/null -w '%{http_code}' --max-time 5 http://192.168.49.2:30301/
+ code=200
+ [[ 200 =~ ^2|3|4 ]]
+ ok=18
+ for _ in $(seq 1 20)
++ curl -s -o /dev/null -w '%{http_code}' --max-time 5 http://192.168.49.2:30301/
+ code=200
+ [[ 200 =~ ^2|3|4 ]]
+ ok=19
+ for _ in $(seq 1 20)
++ curl -s -o /dev/null -w '%{http_code}' --max-time 5 http://192.168.49.2:30301/
+ code=200
+ [[ 200 =~ ^2|3|4 ]]
+ ok=20
++ [[ true == true ]]
++ echo apply
+ echo 'Fault action: apply'
Fault action: apply
+ echo 'Fault name: fault-delay-any-to-productcatalogservice'
Fault name: fault-delay-any-to-productcatalogservice
+ echo 'Fault type: delay'
Fault type: delay
+ echo 'Namespace: ob-app'
Namespace: ob-app
+ echo 'Source service: any'
Source service: any
+ echo 'Target service: productcatalogservice'
Target service: productcatalogservice
+ echo 'Prometheus P95 before/after: NA -> NA'
Prometheus P95 before/after: NA -> NA
+ echo 'Prometheus error_rate before/after: NA -> NA'
Prometheus error_rate before/after: NA -> NA
+ echo 'Curl success/fail (20 req): 20/0'
Curl success/fail (20 req): 20/0
+ echo 'Prometheus query (P95): histogram_quantile(0.95, sum(rate(istio_request_duration_milliseconds_bucket{destination_service_name="productcatalogservice"}[2m])) by (le))'
Prometheus query (P95): histogram_quantile(0.95, sum(rate(istio_request_duration_milliseconds_bucket{destination_service_name="productcatalogservice"}[2m])) by (le))
+ echo 'Prometheus query (error rate): sum(rate(istio_requests_total{destination_service_name="productcatalogservice",response_code=~"5.."}[2m])) / clamp_min(sum(rate(istio_requests_total{destination_service_name="productcatalogservice"}[2m])), 0.0001)'
Prometheus query (error rate): sum(rate(istio_requests_total{destination_service_name="productcatalogservice",response_code=~"5.."}[2m])) / clamp_min(sum(rate(istio_requests_total{destination_service_name="productcatalogservice"}[2m])), 0.0001)
+ [[ -n /home/shaohui.young/mesh-tracing-scripts/results/runs/20260311_154845_onlineboutique-_reference-_high-_low-_delay-_service-_service-productcatalogservice-_r2-/fault ]]
+ python3 - /home/shaohui.young/mesh-tracing-scripts/results/runs/20260311_154845_onlineboutique-_reference-_high-_low-_delay-_service-_service-productcatalogservice-_r2-/fault/apply_summary.json fault-delay-any-to-productcatalogservice apply delay ob-app '' productcatalogservice 200 500 10 http://192.168.49.2:30301/ NA NA NA NA 20 0 'histogram_quantile(0.95, sum(rate(istio_request_duration_milliseconds_bucket{destination_service_name="productcatalogservice"}[2m])) by (le))' 'sum(rate(istio_requests_total{destination_service_name="productcatalogservice",response_code=~"5.."}[2m])) / clamp_min(sum(rate(istio_requests_total{destination_service_name="productcatalogservice"}[2m])), 0.0001)' /home/shaohui.young/mesh-tracing-scripts/results/runs/20260311_154845_onlineboutique-_reference-_high-_low-_delay-_service-_service-productcatalogservice-_r2-/fault/apply_before_p95.json /home/shaohui.young/mesh-tracing-scripts/results/runs/20260311_154845_onlineboutique-_reference-_high-_low-_delay-_service-_service-productcatalogservice-_r2-/fault/apply_after_p95.json /home/shaohui.young/mesh-tracing-scripts/results/runs/20260311_154845_onlineboutique-_reference-_high-_low-_delay-_service-_service-productcatalogservice-_r2-/fault/apply_before_error_rate.json /home/shaohui.young/mesh-tracing-scripts/results/runs/20260311_154845_onlineboutique-_reference-_high-_low-_delay-_service-_service-productcatalogservice-_r2-/fault/apply_after_error_rate.json /home/shaohui.young/mesh-tracing-scripts/results/runs/20260311_154845_onlineboutique-_reference-_high-_low-_delay-_service-_service-productcatalogservice-_r2-/fault/apply_fault-delay-any-to-productcatalogservice.yaml
+ kill 749844
+ trap - EXIT
+ log 'Fault operation completed. Log file: /home/shaohui.young/mesh-tracing-scripts/results/fault.log'
+ echo '[INFO] Fault operation completed. Log file: /home/shaohui.young/mesh-tracing-scripts/results/fault.log'
[INFO] Fault operation completed. Log file: /home/shaohui.young/mesh-tracing-scripts/results/fault.log
+ FAULT_APPLIED=true
+ sleep 36
+ bash /home/shaohui.young/mesh-tracing-scripts/scripts/05_inject_fault.sh --clear --fault delay --target_service productcatalogservice --namespace ob-app --obs-namespace observability --target_url http://192.168.49.2:30301/ --output-dir /home/shaohui.young/mesh-tracing-scripts/results/runs/20260311_154845_onlineboutique-_reference-_high-_low-_delay-_service-_service-productcatalogservice-_r2-
+ [[ -n /home/shaohui.young/mesh-tracing-scripts/results/runs/20260311_154845_onlineboutique-_reference-_high-_low-_delay-_service-_service-productcatalogservice-_r2- ]]
+ case "${OUTPUT_DIR}" in
+ FAULT_DIR=/home/shaohui.young/mesh-tracing-scripts/results/runs/20260311_154845_onlineboutique-_reference-_high-_low-_delay-_service-_service-productcatalogservice-_r2-/fault
+ mkdir -p /home/shaohui.young/mesh-tracing-scripts/results/runs/20260311_154845_onlineboutique-_reference-_high-_low-_delay-_service-_service-productcatalogservice-_r2-/fault
+ kubectl get svc productcatalogservice -n ob-app
+ [[ -n '' ]]
+ [[ -z http://192.168.49.2:30301/ ]]
+ before_p95=NA
+ before_err=NA
+ PROM_PF_PID=750672
+ kubectl -n observability port-forward svc/obs-kube-prometheus-stack-prometheus 19092:9090
+ trap 'kill ${PROM_PF_PID:-} >/dev/null 2>&1 || true' EXIT
+ sleep 3
+ P95_QUERY='histogram_quantile(0.95, sum(rate(istio_request_duration_milliseconds_bucket{destination_service_name="productcatalogservice"}[2m])) by (le))'
+ ERR_QUERY='sum(rate(istio_requests_total{destination_service_name="productcatalogservice",response_code=~"5.."}[2m])) / clamp_min(sum(rate(istio_requests_total{destination_service_name="productcatalogservice"}[2m])), 0.0001)'
+ BEFORE_P95_FILE=
+ BEFORE_ERR_FILE=
+ AFTER_P95_FILE=
+ AFTER_ERR_FILE=
+ RENDERED_FILE=
+ [[ -n /home/shaohui.young/mesh-tracing-scripts/results/runs/20260311_154845_onlineboutique-_reference-_high-_low-_delay-_service-_service-productcatalogservice-_r2-/fault ]]
+ BEFORE_P95_FILE=/home/shaohui.young/mesh-tracing-scripts/results/runs/20260311_154845_onlineboutique-_reference-_high-_low-_delay-_service-_service-productcatalogservice-_r2-/fault/clear_before_p95.json
+ BEFORE_ERR_FILE=/home/shaohui.young/mesh-tracing-scripts/results/runs/20260311_154845_onlineboutique-_reference-_high-_low-_delay-_service-_service-productcatalogservice-_r2-/fault/clear_before_error_rate.json
+ AFTER_P95_FILE=/home/shaohui.young/mesh-tracing-scripts/results/runs/20260311_154845_onlineboutique-_reference-_high-_low-_delay-_service-_service-productcatalogservice-_r2-/fault/clear_after_p95.json
+ AFTER_ERR_FILE=/home/shaohui.young/mesh-tracing-scripts/results/runs/20260311_154845_onlineboutique-_reference-_high-_low-_delay-_service-_service-productcatalogservice-_r2-/fault/clear_after_error_rate.json
+ RENDERED_FILE=/home/shaohui.young/mesh-tracing-scripts/results/runs/20260311_154845_onlineboutique-_reference-_high-_low-_delay-_service-_service-productcatalogservice-_r2-/fault/clear_fault-delay-any-to-productcatalogservice.yaml
++ query_prom 'histogram_quantile(0.95, sum(rate(istio_request_duration_milliseconds_bucket{destination_service_name="productcatalogservice"}[2m])) by (le))'
+ p95_json='{"status":"success","data":{"resultType":"vector","result":[]}}'
++ printf %s '{"status":"success","data":{"resultType":"vector","result":[]}}'
++ extract_prom_value
+ before_p95=NA
+ [[ -n /home/shaohui.young/mesh-tracing-scripts/results/runs/20260311_154845_onlineboutique-_reference-_high-_low-_delay-_service-_service-productcatalogservice-_r2-/fault/clear_before_p95.json ]]
+ printf '%s\n' '{"status":"success","data":{"resultType":"vector","result":[]}}'
++ query_prom 'sum(rate(istio_requests_total{destination_service_name="productcatalogservice",response_code=~"5.."}[2m])) / clamp_min(sum(rate(istio_requests_total{destination_service_name="productcatalogservice"}[2m])), 0.0001)'
+ err_json='{"status":"success","data":{"resultType":"vector","result":[]}}'
++ printf %s '{"status":"success","data":{"resultType":"vector","result":[]}}'
++ extract_prom_value
+ before_err=NA
+ [[ -n /home/shaohui.young/mesh-tracing-scripts/results/runs/20260311_154845_onlineboutique-_reference-_high-_low-_delay-_service-_service-productcatalogservice-_r2-/fault/clear_before_error_rate.json ]]
+ printf '%s\n' '{"status":"success","data":{"resultType":"vector","result":[]}}'
+ [[ false == true ]]
+ kubectl delete virtualservice fault-delay-any-to-productcatalogservice -n ob-app --ignore-not-found
virtualservice.networking.istio.io "fault-delay-any-to-productcatalogservice" deleted from ob-app namespace
+ sleep 20
+ after_p95=NA
+ after_err=NA
++ query_prom 'histogram_quantile(0.95, sum(rate(istio_request_duration_milliseconds_bucket{destination_service_name="productcatalogservice"}[2m])) by (le))'
+ p95_json2='{"status":"success","data":{"resultType":"vector","result":[]}}'
++ printf %s '{"status":"success","data":{"resultType":"vector","result":[]}}'
++ extract_prom_value
+ after_p95=NA
+ [[ -n /home/shaohui.young/mesh-tracing-scripts/results/runs/20260311_154845_onlineboutique-_reference-_high-_low-_delay-_service-_service-productcatalogservice-_r2-/fault/clear_after_p95.json ]]
+ printf '%s\n' '{"status":"success","data":{"resultType":"vector","result":[]}}'
++ query_prom 'sum(rate(istio_requests_total{destination_service_name="productcatalogservice",response_code=~"5.."}[2m])) / clamp_min(sum(rate(istio_requests_total{destination_service_name="productcatalogservice"}[2m])), 0.0001)'
+ err_json2='{"status":"success","data":{"resultType":"vector","result":[]}}'
++ printf %s '{"status":"success","data":{"resultType":"vector","result":[]}}'
++ extract_prom_value
+ after_err=NA
+ [[ -n /home/shaohui.young/mesh-tracing-scripts/results/runs/20260311_154845_onlineboutique-_reference-_high-_low-_delay-_service-_service-productcatalogservice-_r2-/fault/clear_after_error_rate.json ]]
+ printf '%s\n' '{"status":"success","data":{"resultType":"vector","result":[]}}'
+ log 'Simple runtime check via curl (inside cluster DNS): http://192.168.49.2:30301/'
+ echo '[INFO] Simple runtime check via curl (inside cluster DNS): http://192.168.49.2:30301/'
[INFO] Simple runtime check via curl (inside cluster DNS): http://192.168.49.2:30301/
+ ok=0
+ fail=0
++ seq 1 20
+ for _ in $(seq 1 20)
++ curl -s -o /dev/null -w '%{http_code}' --max-time 5 http://192.168.49.2:30301/
+ code=200
+ [[ 200 =~ ^2|3|4 ]]
+ ok=1
+ for _ in $(seq 1 20)
++ curl -s -o /dev/null -w '%{http_code}' --max-time 5 http://192.168.49.2:30301/
+ code=200
+ [[ 200 =~ ^2|3|4 ]]
+ ok=2
+ for _ in $(seq 1 20)
++ curl -s -o /dev/null -w '%{http_code}' --max-time 5 http://192.168.49.2:30301/
+ code=200
+ [[ 200 =~ ^2|3|4 ]]
+ ok=3
+ for _ in $(seq 1 20)
++ curl -s -o /dev/null -w '%{http_code}' --max-time 5 http://192.168.49.2:30301/
+ code=200
+ [[ 200 =~ ^2|3|4 ]]
+ ok=4
+ for _ in $(seq 1 20)
++ curl -s -o /dev/null -w '%{http_code}' --max-time 5 http://192.168.49.2:30301/
+ code=200
+ [[ 200 =~ ^2|3|4 ]]
+ ok=5
+ for _ in $(seq 1 20)
++ curl -s -o /dev/null -w '%{http_code}' --max-time 5 http://192.168.49.2:30301/
+ code=200
+ [[ 200 =~ ^2|3|4 ]]
+ ok=6
+ for _ in $(seq 1 20)
++ curl -s -o /dev/null -w '%{http_code}' --max-time 5 http://192.168.49.2:30301/
+ code=200
+ [[ 200 =~ ^2|3|4 ]]
+ ok=7
+ for _ in $(seq 1 20)
++ curl -s -o /dev/null -w '%{http_code}' --max-time 5 http://192.168.49.2:30301/
+ code=200
+ [[ 200 =~ ^2|3|4 ]]
+ ok=8
+ for _ in $(seq 1 20)
++ curl -s -o /dev/null -w '%{http_code}' --max-time 5 http://192.168.49.2:30301/
+ code=200
+ [[ 200 =~ ^2|3|4 ]]
+ ok=9
+ for _ in $(seq 1 20)
++ curl -s -o /dev/null -w '%{http_code}' --max-time 5 http://192.168.49.2:30301/
+ code=200
+ [[ 200 =~ ^2|3|4 ]]
+ ok=10
+ for _ in $(seq 1 20)
++ curl -s -o /dev/null -w '%{http_code}' --max-time 5 http://192.168.49.2:30301/
+ code=200
+ [[ 200 =~ ^2|3|4 ]]
+ ok=11
+ for _ in $(seq 1 20)
++ curl -s -o /dev/null -w '%{http_code}' --max-time 5 http://192.168.49.2:30301/
+ code=200
+ [[ 200 =~ ^2|3|4 ]]
+ ok=12
+ for _ in $(seq 1 20)
++ curl -s -o /dev/null -w '%{http_code}' --max-time 5 http://192.168.49.2:30301/
+ code=200
+ [[ 200 =~ ^2|3|4 ]]
+ ok=13
+ for _ in $(seq 1 20)
++ curl -s -o /dev/null -w '%{http_code}' --max-time 5 http://192.168.49.2:30301/
+ code=200
+ [[ 200 =~ ^2|3|4 ]]
+ ok=14
+ for _ in $(seq 1 20)
++ curl -s -o /dev/null -w '%{http_code}' --max-time 5 http://192.168.49.2:30301/
+ code=200
+ [[ 200 =~ ^2|3|4 ]]
+ ok=15
+ for _ in $(seq 1 20)
++ curl -s -o /dev/null -w '%{http_code}' --max-time 5 http://192.168.49.2:30301/
+ code=200
+ [[ 200 =~ ^2|3|4 ]]
+ ok=16
+ for _ in $(seq 1 20)
++ curl -s -o /dev/null -w '%{http_code}' --max-time 5 http://192.168.49.2:30301/
+ code=200
+ [[ 200 =~ ^2|3|4 ]]
+ ok=17
+ for _ in $(seq 1 20)
++ curl -s -o /dev/null -w '%{http_code}' --max-time 5 http://192.168.49.2:30301/
+ code=200
+ [[ 200 =~ ^2|3|4 ]]
+ ok=18
+ for _ in $(seq 1 20)
++ curl -s -o /dev/null -w '%{http_code}' --max-time 5 http://192.168.49.2:30301/
+ code=200
+ [[ 200 =~ ^2|3|4 ]]
+ ok=19
+ for _ in $(seq 1 20)
++ curl -s -o /dev/null -w '%{http_code}' --max-time 5 http://192.168.49.2:30301/
+ code=200
+ [[ 200 =~ ^2|3|4 ]]
+ ok=20
++ [[ false == true ]]
++ echo clear
+ echo 'Fault action: clear'
Fault action: clear
+ echo 'Fault name: fault-delay-any-to-productcatalogservice'
Fault name: fault-delay-any-to-productcatalogservice
+ echo 'Fault type: delay'
Fault type: delay
+ echo 'Namespace: ob-app'
Namespace: ob-app
+ echo 'Source service: any'
Source service: any
+ echo 'Target service: productcatalogservice'
Target service: productcatalogservice
+ echo 'Prometheus P95 before/after: NA -> NA'
Prometheus P95 before/after: NA -> NA
+ echo 'Prometheus error_rate before/after: NA -> NA'
Prometheus error_rate before/after: NA -> NA
+ echo 'Curl success/fail (20 req): 20/0'
Curl success/fail (20 req): 20/0
+ echo 'Prometheus query (P95): histogram_quantile(0.95, sum(rate(istio_request_duration_milliseconds_bucket{destination_service_name="productcatalogservice"}[2m])) by (le))'
Prometheus query (P95): histogram_quantile(0.95, sum(rate(istio_request_duration_milliseconds_bucket{destination_service_name="productcatalogservice"}[2m])) by (le))
+ echo 'Prometheus query (error rate): sum(rate(istio_requests_total{destination_service_name="productcatalogservice",response_code=~"5.."}[2m])) / clamp_min(sum(rate(istio_requests_total{destination_service_name="productcatalogservice"}[2m])), 0.0001)'
Prometheus query (error rate): sum(rate(istio_requests_total{destination_service_name="productcatalogservice",response_code=~"5.."}[2m])) / clamp_min(sum(rate(istio_requests_total{destination_service_name="productcatalogservice"}[2m])), 0.0001)
+ [[ -n /home/shaohui.young/mesh-tracing-scripts/results/runs/20260311_154845_onlineboutique-_reference-_high-_low-_delay-_service-_service-productcatalogservice-_r2-/fault ]]
+ python3 - /home/shaohui.young/mesh-tracing-scripts/results/runs/20260311_154845_onlineboutique-_reference-_high-_low-_delay-_service-_service-productcatalogservice-_r2-/fault/clear_summary.json fault-delay-any-to-productcatalogservice clear delay ob-app '' productcatalogservice 200 500 10 http://192.168.49.2:30301/ NA NA NA NA 20 0 'histogram_quantile(0.95, sum(rate(istio_request_duration_milliseconds_bucket{destination_service_name="productcatalogservice"}[2m])) by (le))' 'sum(rate(istio_requests_total{destination_service_name="productcatalogservice",response_code=~"5.."}[2m])) / clamp_min(sum(rate(istio_requests_total{destination_service_name="productcatalogservice"}[2m])), 0.0001)' /home/shaohui.young/mesh-tracing-scripts/results/runs/20260311_154845_onlineboutique-_reference-_high-_low-_delay-_service-_service-productcatalogservice-_r2-/fault/clear_before_p95.json /home/shaohui.young/mesh-tracing-scripts/results/runs/20260311_154845_onlineboutique-_reference-_high-_low-_delay-_service-_service-productcatalogservice-_r2-/fault/clear_after_p95.json /home/shaohui.young/mesh-tracing-scripts/results/runs/20260311_154845_onlineboutique-_reference-_high-_low-_delay-_service-_service-productcatalogservice-_r2-/fault/clear_before_error_rate.json /home/shaohui.young/mesh-tracing-scripts/results/runs/20260311_154845_onlineboutique-_reference-_high-_low-_delay-_service-_service-productcatalogservice-_r2-/fault/clear_after_error_rate.json /home/shaohui.young/mesh-tracing-scripts/results/runs/20260311_154845_onlineboutique-_reference-_high-_low-_delay-_service-_service-productcatalogservice-_r2-/fault/clear_fault-delay-any-to-productcatalogservice.yaml
+ kill 750672
+ trap - EXIT
+ log 'Fault operation completed. Log file: /home/shaohui.young/mesh-tracing-scripts/results/fault.log'
+ echo '[INFO] Fault operation completed. Log file: /home/shaohui.young/mesh-tracing-scripts/results/fault.log'
[INFO] Fault operation completed. Log file: /home/shaohui.young/mesh-tracing-scripts/results/fault.log
++ now_epoch_ms
++ python3 -
+ FAULT_CLEAR_EPOCH_MS=1773244317153
+ FAULT_APPLIED=false
+ write_run_context
+ python3 - /home/shaohui.young/mesh-tracing-scripts/results/runs/20260311_154845_onlineboutique-_reference-_high-_low-_delay-_service-_service-productcatalogservice-_r2-/run_context.json 20260311_154845_onlineboutique-_reference-_high-_low-_delay-_service-_service-productcatalogservice-_r2- onlineboutique reference reference high high implemented low 50 60 delay service service=productcatalogservice '' productcatalogservice ob-app observability istio-system 2 '' http://192.168.49.2:30301/ 200 500 10 1773244119560 1773244146101 1773244218590 1773244317153 ''
+ kubectl wait --for=condition=complete job/loadgen-exp-154905 -n ob-app --timeout=420s
job.batch/loadgen-exp-154905 condition met
+ kubectl logs job/loadgen-exp-154905 -n ob-app
++ now_epoch_ms
++ python3 -
+ RUN_END_EPOCH_MS=1773244317653
+ [[ delay == \n\o\n\e ]]
+ write_run_context
+ python3 - /home/shaohui.young/mesh-tracing-scripts/results/runs/20260311_154845_onlineboutique-_reference-_high-_low-_delay-_service-_service-productcatalogservice-_r2-/run_context.json 20260311_154845_onlineboutique-_reference-_high-_low-_delay-_service-_service-productcatalogservice-_r2- onlineboutique reference reference high high implemented low 50 60 delay service service=productcatalogservice '' productcatalogservice ob-app observability istio-system 2 '' http://192.168.49.2:30301/ 200 500 10 1773244119560 1773244146101 1773244218590 1773244317153 1773244317653
+ python3 /home/shaohui.young/mesh-tracing-scripts/scripts/parse_fortio_output.py /home/shaohui.young/mesh-tracing-scripts/results/runs/20260311_154845_onlineboutique-_reference-_high-_low-_delay-_service-_service-productcatalogservice-_r2-/load/fortio_stdout.log
+ python3 - /home/shaohui.young/mesh-tracing-scripts/results/runs/20260311_154845_onlineboutique-_reference-_high-_low-_delay-_service-_service-productcatalogservice-_r2-/load/load_summary.json loadgen-exp-154905 onlineboutique ob-app 50 120 http://192.168.49.2:30301/
+ bash /home/shaohui.young/mesh-tracing-scripts/scripts/07_collect_metrics.sh --window 60 --output_dir /home/shaohui.young/mesh-tracing-scripts/results/runs/20260311_154845_onlineboutique-_reference-_high-_low-_delay-_service-_service-productcatalogservice-_r2- --obs-namespace observability --app-namespace ob-app
[INFO] Collecting base cluster snapshots into /home/shaohui.young/mesh-tracing-scripts/results/runs/20260311_154845_onlineboutique-_reference-_high-_low-_delay-_service-_service-productcatalogservice-_r2-/snapshots...
[INFO] Port-forward to Prometheus service obs-kube-prometheus-stack-prometheus in ns=observability...
[INFO] Dumping sampling/fault config snapshots...
[INFO] Metrics collection completed: /home/shaohui.young/mesh-tracing-scripts/results/runs/20260311_154845_onlineboutique-_reference-_high-_low-_delay-_service-_service-productcatalogservice-_r2-
[INFO] Artifacts:
[INFO]   - /home/shaohui.young/mesh-tracing-scripts/results/runs/20260311_154845_onlineboutique-_reference-_high-_low-_delay-_service-_service-productcatalogservice-_r2-/cost_metrics.json
[INFO]   - /home/shaohui.young/mesh-tracing-scripts/results/runs/20260311_154845_onlineboutique-_reference-_high-_low-_delay-_service-_service-productcatalogservice-_r2-/metrics_raw
++ resolve_reference_run_summary
++ python3 - /home/shaohui.young/mesh-tracing-scripts/results/index.jsonl onlineboutique low 50 delay service service=productcatalogservice 2 reference
+ REFERENCE_SUMMARY_FILE=
+ REFERENCE_RUN_ID=
+ REFERENCE_RUN_DIR=
++ resolve_entry_service
++ [[ onlineboutique == \o\n\l\i\n\e\b\o\u\t\i\q\u\e ]]
++ echo frontend.ob-app
+ ENTRY_SERVICE=frontend.ob-app
+ kubectl -n observability port-forward svc/jaeger-query 16689:16686
+ JAEGER_PF_PID=751160
+ sleep 3
+ python3 /home/shaohui.young/mesh-tracing-scripts/scripts/export_traces.py --run-dir /home/shaohui.young/mesh-tracing-scripts/results/runs/20260311_154845_onlineboutique-_reference-_high-_low-_delay-_service-_service-productcatalogservice-_r2- --jaeger-url http://127.0.0.1:16689 --entry-service frontend.ob-app --start-us 1773244218590000 --end-us 1773244317153000 --output-json /home/shaohui.young/mesh-tracing-scripts/results/runs/20260311_154845_onlineboutique-_reference-_high-_low-_delay-_service-_service-productcatalogservice-_r2-/utility/raw_traces/current_traces.json --output-meta /home/shaohui.young/mesh-tracing-scripts/results/runs/20260311_154845_onlineboutique-_reference-_high-_low-_delay-_service-_service-productcatalogservice-_r2-/utility/raw_traces/current_trace_meta.json --limit 5000
+ REFERENCE_TRACE_ARGS=()
+ [[ -n '' ]]
+ python3 /home/shaohui.young/mesh-tracing-scripts/scripts/compute_rca.py --run-dir /home/shaohui.young/mesh-tracing-scripts/results/runs/20260311_154845_onlineboutique-_reference-_high-_low-_delay-_service-_service-productcatalogservice-_r2- --current-traces /home/shaohui.young/mesh-tracing-scripts/results/runs/20260311_154845_onlineboutique-_reference-_high-_low-_delay-_service-_service-productcatalogservice-_r2-/utility/raw_traces/current_traces.json
+ python3 /home/shaohui.young/mesh-tracing-scripts/scripts/compute_critical_path.py --run-dir /home/shaohui.young/mesh-tracing-scripts/results/runs/20260311_154845_onlineboutique-_reference-_high-_low-_delay-_service-_service-productcatalogservice-_r2- --current-traces /home/shaohui.young/mesh-tracing-scripts/results/runs/20260311_154845_onlineboutique-_reference-_high-_low-_delay-_service-_service-productcatalogservice-_r2-/utility/raw_traces/current_traces.json
+ kill 751160
+ JAEGER_PF_PID=
+ python3 - /home/shaohui.young/mesh-tracing-scripts/results/runs/20260311_154845_onlineboutique-_reference-_high-_low-_delay-_service-_service-productcatalogservice-_r2-/summary.json /home/shaohui.young/mesh-tracing-scripts/results/runs/20260311_154845_onlineboutique-_reference-_high-_low-_delay-_service-_service-productcatalogservice-_r2-/run_context.json /home/shaohui.young/mesh-tracing-scripts/results/runs/20260311_154845_onlineboutique-_reference-_high-_low-_delay-_service-_service-productcatalogservice-_r2-/load/load_summary.json /home/shaohui.young/mesh-tracing-scripts/results/runs/20260311_154845_onlineboutique-_reference-_high-_low-_delay-_service-_service-productcatalogservice-_r2-/cost_metrics.json /home/shaohui.young/mesh-tracing-scripts/results/runs/20260311_154845_onlineboutique-_reference-_high-_low-_delay-_service-_service-productcatalogservice-_r2-/utility/rca_ranking.json /home/shaohui.young/mesh-tracing-scripts/results/runs/20260311_154845_onlineboutique-_reference-_high-_low-_delay-_service-_service-productcatalogservice-_r2-/utility/critical_path.json /home/shaohui.young/mesh-tracing-scripts/results/runs/20260311_154845_onlineboutique-_reference-_high-_low-_delay-_service-_service-productcatalogservice-_r2-/fault/apply_summary.json /home/shaohui.young/mesh-tracing-scripts/results/runs/20260311_154845_onlineboutique-_reference-_high-_low-_delay-_service-_service-productcatalogservice-_r2-/fault/clear_summary.json
+ python3 - /home/shaohui.young/mesh-tracing-scripts/results/index.jsonl /home/shaohui.young/mesh-tracing-scripts/results/runs/20260311_154845_onlineboutique-_reference-_high-_low-_delay-_service-_service-productcatalogservice-_r2-/summary.json
+ echo /home/shaohui.young/mesh-tracing-scripts/results/runs/20260311_154845_onlineboutique-_reference-_high-_low-_delay-_service-_service-productcatalogservice-_r2-
+ log 'Experiment completed. Result directory: /home/shaohui.young/mesh-tracing-scripts/results/runs/20260311_154845_onlineboutique-_reference-_high-_low-_delay-_service-_service-productcatalogservice-_r2-'
+ echo '[INFO] Experiment completed. Result directory: /home/shaohui.young/mesh-tracing-scripts/results/runs/20260311_154845_onlineboutique-_reference-_high-_low-_delay-_service-_service-productcatalogservice-_r2-'
[INFO] Experiment completed. Result directory: /home/shaohui.young/mesh-tracing-scripts/results/runs/20260311_154845_onlineboutique-_reference-_high-_low-_delay-_service-_service-productcatalogservice-_r2-
+ echo RESULT_DIR=/home/shaohui.young/mesh-tracing-scripts/results/runs/20260311_154845_onlineboutique-_reference-_high-_low-_delay-_service-_service-productcatalogservice-_r2-
RESULT_DIR=/home/shaohui.young/mesh-tracing-scripts/results/runs/20260311_154845_onlineboutique-_reference-_high-_low-_delay-_service-_service-productcatalogservice-_r2-
+ cleanup_fault
+ kill ''
+ true
+ [[ false == true ]]
==== 2026-03-11 15:52:26 experiment run ====
+ [[ head == \m\y\_\p\o\l\i\c\y ]]
+ trap cleanup_fault EXIT
++ now_epoch_ms
++ python3 -
+ RUN_START_EPOCH_MS=1773244346886
+ ensure_prereq
+ bash /home/shaohui.young/mesh-tracing-scripts/scripts/00_prereq_check.sh
[INFO] Checking kubectl version...
Client Version: v1.35.2
Kustomize Version: v5.7.1
[INFO] Checking istioctl version...
client version: 1.29.0
[INFO] Checking helm version...
version.BuildInfo{Version:"v3.20.0", GitCommit:"b2e4314fa0f229a1de7b4c981273f61d69ee5a59", GitTreeState:"clean", GoVersion:"go1.25.6"}
[INFO] Checking minikube status...
minikube
type: Control Plane
host: Running
kubelet: Running
apiserver: Running
kubeconfig: Configured

minikube-m02
type: Worker
host: Running
kubelet: Running

[INFO] Checking kubectl connectivity...
NAME           STATUS   ROLES           AGE   VERSION   INTERNAL-IP    EXTERNAL-IP   OS-IMAGE                         KERNEL-VERSION    CONTAINER-RUNTIME
minikube       Ready    control-plane   39h   v1.35.1   192.168.49.2   <none>        Debian GNU/Linux 12 (bookworm)   6.17.0-1007-gcp   docker://29.2.1
minikube-m02   Ready    <none>          39h   v1.35.1   192.168.49.3   <none>        Debian GNU/Linux 12 (bookworm)   6.17.0-1007-gcp   docker://29.2.1
[INFO] Validation: checking Istio CRDs visibility (may be empty before install)...
authorizationpolicies.security.istio.io     2026-03-10T00:38:55Z
destinationrules.networking.istio.io        2026-03-10T00:38:54Z
envoyfilters.networking.istio.io            2026-03-10T00:38:54Z
gateways.networking.istio.io                2026-03-10T00:38:54Z
peerauthentications.security.istio.io       2026-03-10T00:38:55Z
proxyconfigs.networking.istio.io            2026-03-10T00:38:54Z
requestauthentications.security.istio.io    2026-03-10T00:38:55Z
serviceentries.networking.istio.io          2026-03-10T00:38:54Z
sidecars.networking.istio.io                2026-03-10T00:38:54Z
telemetries.telemetry.istio.io              2026-03-10T00:38:55Z
virtualservices.networking.istio.io         2026-03-10T00:38:54Z
wasmplugins.extensions.istio.io             2026-03-10T00:38:53Z
workloadentries.networking.istio.io         2026-03-10T00:38:54Z
workloadgroups.networking.istio.io          2026-03-10T00:38:54Z
[INFO] Prerequisite checks completed.
+ ensure_istio
+ kubectl -n istio-system get deploy istiod
+ ensure_app
+ local key_deploy=productpage
+ [[ onlineboutique == \o\n\l\i\n\e\b\o\u\t\i\q\u\e ]]
+ key_deploy=frontend
+ kubectl -n ob-app get deploy frontend
+ ensure_observability
+ kubectl -n observability get deploy otel-collector
+ parse_target
+ local raw_target=service=productcatalogservice
+ [[ -z service=productcatalogservice ]]
+ [[ -z service=productcatalogservice ]]
+ [[ service=productcatalogservice == *\-\>* ]]
+ [[ service=productcatalogservice == service=* ]]
+ FAULT_TARGET_TYPE=service
+ SOURCE_SERVICE=
+ TARGET_SERVICE=productcatalogservice
+ FAULT_TARGET=service=productcatalogservice
+ [[ -z '' ]]
++ detect_target_url
++ local path=/
++ [[ onlineboutique == \b\o\o\k\i\n\f\o ]]
++ command -v minikube
++ minikube status
++ local ip nodeport
+++ minikube ip
++ ip=192.168.49.2
+++ kubectl -n istio-system get svc istio-ingressgateway -o 'jsonpath={.spec.ports[?(@.name=="http2")].nodePort}'
++ nodeport=30301
++ [[ -n 192.168.49.2 ]]
++ [[ -n 30301 ]]
++ echo http://192.168.49.2:30301/
++ return 0
+ TARGET_URL=http://192.168.49.2:30301/
+ [[ -n http://192.168.49.2:30301/ ]]
+ resolve_output_dir
+ [[ -z '' ]]
++ date +%Y%m%d_%H%M%S
++ sanitize_component onlineboutique
++ echo onlineboutique
++ tr '[:upper:]' '[:lower:]'
++ tr -cs a-z0-9._- -
++ sanitize_component head
++ tr '[:upper:]' '[:lower:]'
++ tr -cs a-z0-9._- -
++ echo head
++ sanitize_component high
++ echo high
++ tr '[:upper:]' '[:lower:]'
++ tr -cs a-z0-9._- -
+ RUN_ID=20260311_155230_onlineboutique-_head-_high-
++ sanitize_component low
++ echo low
++ tr '[:upper:]' '[:lower:]'
++ tr -cs a-z0-9._- -
++ sanitize_component delay
++ echo delay
++ tr '[:upper:]' '[:lower:]'
++ tr -cs a-z0-9._- -
+ RUN_ID+=_low-_delay-
++ sanitize_component service
++ echo service
++ tr '[:upper:]' '[:lower:]'
++ tr -cs a-z0-9._- -
+ RUN_ID+=_service-
+ [[ -n service=productcatalogservice ]]
++ sanitize_component service=productcatalogservice
++ echo service=productcatalogservice
++ tr '[:upper:]' '[:lower:]'
++ tr -cs a-z0-9._- -
+ RUN_ID+=_service-productcatalogservice-
++ sanitize_component 2
++ echo 2
++ tr '[:upper:]' '[:lower:]'
++ tr -cs a-z0-9._- -
+ RUN_ID+=_r2-
+ [[ -n '' ]]
+ OUT_DIR=/home/shaohui.young/mesh-tracing-scripts/results/runs/20260311_155230_onlineboutique-_head-_high-_low-_delay-_service-_service-productcatalogservice-_r2-
+ mkdir -p /home/shaohui.young/mesh-tracing-scripts/results/runs/20260311_155230_onlineboutique-_head-_high-_low-_delay-_service-_service-productcatalogservice-_r2-/load /home/shaohui.young/mesh-tracing-scripts/results/runs/20260311_155230_onlineboutique-_head-_high-_low-_delay-_service-_service-productcatalogservice-_r2-/fault /home/shaohui.young/mesh-tracing-scripts/results/runs/20260311_155230_onlineboutique-_head-_high-_low-_delay-_service-_service-productcatalogservice-_r2-/utility
+ write_run_context
+ python3 - /home/shaohui.young/mesh-tracing-scripts/results/runs/20260311_155230_onlineboutique-_head-_high-_low-_delay-_service-_service-productcatalogservice-_r2-/run_context.json 20260311_155230_onlineboutique-_head-_high-_low-_delay-_service-_service-productcatalogservice-_r2- onlineboutique head head high high implemented low 50 60 delay service service=productcatalogservice '' productcatalogservice ob-app observability istio-system 2 '' http://192.168.49.2:30301/ 200 500 10 1773244346886 '' '' '' ''
+ write_utility_placeholders
+ python3 - /home/shaohui.young/mesh-tracing-scripts/results/runs/20260311_155230_onlineboutique-_head-_high-_low-_delay-_service-_service-productcatalogservice-_r2-/utility/rca_ranking.json service=productcatalogservice productcatalogservice
+ python3 - /home/shaohui.young/mesh-tracing-scripts/results/runs/20260311_155230_onlineboutique-_head-_high-_low-_delay-_service-_service-productcatalogservice-_r2-/utility/critical_path.json
+ bash /home/shaohui.young/mesh-tracing-scripts/scripts/04_apply_sampling_policy.sh --policy head --budget high --namespace observability --app onlineboutique --app-namespace ob-app
+ [[ baseline_head =~ ^(baseline_head|baseline_tail|ours)$ ]]
+ POLICY_FILE=/home/shaohui.young/mesh-tracing-scripts/manifests/sampling/baseline_head_high.yaml
+ [[ -f /home/shaohui.young/mesh-tracing-scripts/manifests/sampling/baseline_head_high.yaml ]]
+ log 'Applying sampling policy ConfigMap for policy=baseline_head, budget=high'
+ echo '[INFO] Applying sampling policy ConfigMap for policy=baseline_head, budget=high'
[INFO] Applying sampling policy ConfigMap for policy=baseline_head, budget=high
+ [[ baseline_head =~ ^(baseline_head|baseline_tail|ours)$ ]]
+ kubectl apply -n observability -f /home/shaohui.young/mesh-tracing-scripts/manifests/sampling/baseline_head_high.yaml
configmap/otel-collector-config configured
+ TELEMETRY_SAMPLING=100.0
+ [[ baseline_head == \n\o\_\t\r\a\c\i\n\g ]]
+ kubectl apply -n ob-app -f -
telemetry.telemetry.istio.io/tracing-default unchanged
+ log 'Rolling restart collector deployment...'
+ echo '[INFO] Rolling restart collector deployment...'
[INFO] Rolling restart collector deployment...
+ kubectl -n observability rollout restart deployment/otel-collector
deployment.apps/otel-collector restarted
+ kubectl -n observability rollout status deployment/otel-collector --timeout=240s
Waiting for deployment "otel-collector" rollout to finish: 1 old replicas are pending termination...
Waiting for deployment "otel-collector" rollout to finish: 1 old replicas are pending termination...
deployment "otel-collector" successfully rolled out
+ log 'Current effective config summary (otel-collector-config.data.config.yaml):'
+ echo '[INFO] Current effective config summary (otel-collector-config.data.config.yaml):'
[INFO] Current effective config summary (otel-collector-config.data.config.yaml):
+ kubectl get configmap otel-collector-config -n observability -o 'go-template={{index .data "config.yaml"}}'
+ awk '
      /processors:/ {inproc=1}
      inproc==1 && /exporters:/ {inproc=0}
      inproc==1 {print}
    '
processors:
  probabilistic_sampler:
    sampling_percentage: 30
  batch:
    timeout: 1s
    send_batch_size: 1024
      processors: [probabilistic_sampler, batch]
+ echo 'telemetry_sampling_percentage: 100.0'
telemetry_sampling_percentage: 100.0
+ log 'Simple verification by Jaeger trace count (same traffic, switch budget low/mid/high and compare):'
+ echo '[INFO] Simple verification by Jaeger trace count (same traffic, switch budget low/mid/high and compare):'
[INFO] Simple verification by Jaeger trace count (same traffic, switch budget low/mid/high and compare):
+ PF_PID=752021
+ trap 'kill ${PF_PID:-} >/dev/null 2>&1 || true' EXIT
+ sleep 3
+ kubectl -n observability port-forward svc/jaeger-query 16688:16686
+ [[ -z onlineboutique ]]
+ [[ onlineboutique == \o\n\l\i\n\e\b\o\u\t\i\q\u\e ]]
+ JAEGER_CANDIDATES=("frontend.${APP_NAMESPACE}" "frontend")
+ JAEGER_SERVICE_NAME=frontend.ob-app
+ TRACE_CNT=NA
+ for svc in "${JAEGER_CANDIDATES[@]}"
++ curl -fsS 'http://127.0.0.1:16688/api/traces?service=frontend.ob-app&lookback=15m&limit=200'
++ python3 -c 'import json,sys; d=json.load(sys.stdin); print(len(d.get("data", [])))'
+ cnt=200
+ JAEGER_SERVICE_NAME=frontend.ob-app
+ TRACE_CNT=200
+ [[ 200 != \N\A ]]
+ [[ 200 != \0 ]]
+ break
+ echo 'trace_count_last_15m(service=frontend.ob-app, limit=200): 200'
trace_count_last_15m(service=frontend.ob-app, limit=200): 200
+ echo check_command:
check_command:
+ echo 'curl -fsS "http://127.0.0.1:16688/api/traces?service=frontend.ob-app&lookback=15m&limit=200" | python3 -c '\''import json,sys; d=json.load(sys.stdin); print(len(d.get("data", [])))'\'''
curl -fsS "http://127.0.0.1:16688/api/traces?service=frontend.ob-app&lookback=15m&limit=200" | python3 -c 'import json,sys; d=json.load(sys.stdin); print(len(d.get("data", [])))'
+ [[ baseline_head == \n\o\_\t\r\a\c\i\n\g ]]
+ echo 'expected: with same load pattern, low < mid < high (trace count or exported spans/sec).'
expected: with same load pattern, low < mid < high (trace count or exported spans/sec).
+ kill 752021
+ trap - EXIT
+ log 'Sampling policy applied successfully: policy=baseline_head, budget=high, namespace=observability'
+ echo '[INFO] Sampling policy applied successfully: policy=baseline_head, budget=high, namespace=observability'
[INFO] Sampling policy applied successfully: policy=baseline_head, budget=high, namespace=observability
+ log 'Log file: /home/shaohui.young/mesh-tracing-scripts/results/sampling.log'
+ echo '[INFO] Log file: /home/shaohui.young/mesh-tracing-scripts/results/sampling.log'
[INFO] Log file: /home/shaohui.young/mesh-tracing-scripts/results/sampling.log
+ WARMUP_SEC=60
+ FAULT_PHASE_SEC=36
+ FAULT_START_AFTER_WARMUP=12
+ TOTAL_LOAD_SEC=120
++ date +%H%M%S
+ LOAD_JOB_NAME=loadgen-exp-155239
+ kubectl delete job loadgen-exp-155239 -n ob-app --ignore-not-found
++ now_epoch_ms
++ python3 -
+ LOAD_START_EPOCH_MS=1773244359939
+ write_run_context
+ python3 - /home/shaohui.young/mesh-tracing-scripts/results/runs/20260311_155230_onlineboutique-_head-_high-_low-_delay-_service-_service-productcatalogservice-_r2-/run_context.json 20260311_155230_onlineboutique-_head-_high-_low-_delay-_service-_service-productcatalogservice-_r2- onlineboutique head head high high implemented low 50 60 delay service service=productcatalogservice '' productcatalogservice ob-app observability istio-system 2 '' http://192.168.49.2:30301/ 200 500 10 1773244346886 1773244359939 '' '' ''
+ kubectl apply -n ob-app -f -
job.batch/loadgen-exp-155239 created
+ sleep 60
+ sleep 12
+ [[ delay != \n\o\n\e ]]
+ fault_args=()
+ [[ -n '' ]]
++ now_epoch_ms
++ python3 -
+ FAULT_APPLY_EPOCH_MS=1773244432264
+ write_run_context
+ python3 - /home/shaohui.young/mesh-tracing-scripts/results/runs/20260311_155230_onlineboutique-_head-_high-_low-_delay-_service-_service-productcatalogservice-_r2-/run_context.json 20260311_155230_onlineboutique-_head-_high-_low-_delay-_service-_service-productcatalogservice-_r2- onlineboutique head head high high implemented low 50 60 delay service service=productcatalogservice '' productcatalogservice ob-app observability istio-system 2 '' http://192.168.49.2:30301/ 200 500 10 1773244346886 1773244359939 1773244432264 '' ''
+ bash /home/shaohui.young/mesh-tracing-scripts/scripts/05_inject_fault.sh --apply --fault delay --target_service productcatalogservice --fixed_delay_ms 200 --http_status 500 --percentage 10 --namespace ob-app --obs-namespace observability --target_url http://192.168.49.2:30301/ --output-dir /home/shaohui.young/mesh-tracing-scripts/results/runs/20260311_155230_onlineboutique-_head-_high-_low-_delay-_service-_service-productcatalogservice-_r2-
+ [[ -n /home/shaohui.young/mesh-tracing-scripts/results/runs/20260311_155230_onlineboutique-_head-_high-_low-_delay-_service-_service-productcatalogservice-_r2- ]]
+ case "${OUTPUT_DIR}" in
+ FAULT_DIR=/home/shaohui.young/mesh-tracing-scripts/results/runs/20260311_155230_onlineboutique-_head-_high-_low-_delay-_service-_service-productcatalogservice-_r2-/fault
+ mkdir -p /home/shaohui.young/mesh-tracing-scripts/results/runs/20260311_155230_onlineboutique-_head-_high-_low-_delay-_service-_service-productcatalogservice-_r2-/fault
+ kubectl get svc productcatalogservice -n ob-app
+ [[ -n '' ]]
+ [[ -z http://192.168.49.2:30301/ ]]
+ before_p95=NA
+ before_err=NA
+ kubectl -n observability port-forward svc/obs-kube-prometheus-stack-prometheus 19092:9090
+ PROM_PF_PID=753037
+ trap 'kill ${PROM_PF_PID:-} >/dev/null 2>&1 || true' EXIT
+ sleep 3
+ P95_QUERY='histogram_quantile(0.95, sum(rate(istio_request_duration_milliseconds_bucket{destination_service_name="productcatalogservice"}[2m])) by (le))'
+ ERR_QUERY='sum(rate(istio_requests_total{destination_service_name="productcatalogservice",response_code=~"5.."}[2m])) / clamp_min(sum(rate(istio_requests_total{destination_service_name="productcatalogservice"}[2m])), 0.0001)'
+ BEFORE_P95_FILE=
+ BEFORE_ERR_FILE=
+ AFTER_P95_FILE=
+ AFTER_ERR_FILE=
+ RENDERED_FILE=
+ [[ -n /home/shaohui.young/mesh-tracing-scripts/results/runs/20260311_155230_onlineboutique-_head-_high-_low-_delay-_service-_service-productcatalogservice-_r2-/fault ]]
+ BEFORE_P95_FILE=/home/shaohui.young/mesh-tracing-scripts/results/runs/20260311_155230_onlineboutique-_head-_high-_low-_delay-_service-_service-productcatalogservice-_r2-/fault/apply_before_p95.json
+ BEFORE_ERR_FILE=/home/shaohui.young/mesh-tracing-scripts/results/runs/20260311_155230_onlineboutique-_head-_high-_low-_delay-_service-_service-productcatalogservice-_r2-/fault/apply_before_error_rate.json
+ AFTER_P95_FILE=/home/shaohui.young/mesh-tracing-scripts/results/runs/20260311_155230_onlineboutique-_head-_high-_low-_delay-_service-_service-productcatalogservice-_r2-/fault/apply_after_p95.json
+ AFTER_ERR_FILE=/home/shaohui.young/mesh-tracing-scripts/results/runs/20260311_155230_onlineboutique-_head-_high-_low-_delay-_service-_service-productcatalogservice-_r2-/fault/apply_after_error_rate.json
+ RENDERED_FILE=/home/shaohui.young/mesh-tracing-scripts/results/runs/20260311_155230_onlineboutique-_head-_high-_low-_delay-_service-_service-productcatalogservice-_r2-/fault/apply_fault-delay-any-to-productcatalogservice.yaml
++ query_prom 'histogram_quantile(0.95, sum(rate(istio_request_duration_milliseconds_bucket{destination_service_name="productcatalogservice"}[2m])) by (le))'
+ p95_json='{"status":"success","data":{"resultType":"vector","result":[]}}'
++ printf %s '{"status":"success","data":{"resultType":"vector","result":[]}}'
++ extract_prom_value
+ before_p95=NA
+ [[ -n /home/shaohui.young/mesh-tracing-scripts/results/runs/20260311_155230_onlineboutique-_head-_high-_low-_delay-_service-_service-productcatalogservice-_r2-/fault/apply_before_p95.json ]]
+ printf '%s\n' '{"status":"success","data":{"resultType":"vector","result":[]}}'
++ query_prom 'sum(rate(istio_requests_total{destination_service_name="productcatalogservice",response_code=~"5.."}[2m])) / clamp_min(sum(rate(istio_requests_total{destination_service_name="productcatalogservice"}[2m])), 0.0001)'
+ err_json='{"status":"success","data":{"resultType":"vector","result":[]}}'
++ printf %s '{"status":"success","data":{"resultType":"vector","result":[]}}'
++ extract_prom_value
+ before_err=NA
+ [[ -n /home/shaohui.young/mesh-tracing-scripts/results/runs/20260311_155230_onlineboutique-_head-_high-_low-_delay-_service-_service-productcatalogservice-_r2-/fault/apply_before_error_rate.json ]]
+ printf '%s\n' '{"status":"success","data":{"resultType":"vector","result":[]}}'
+ [[ true == true ]]
+ [[ -z '' ]]
+ [[ delay == \d\e\l\a\y ]]
+ [[ -n /home/shaohui.young/mesh-tracing-scripts/results/runs/20260311_155230_onlineboutique-_head-_high-_low-_delay-_service-_service-productcatalogservice-_r2-/fault/apply_fault-delay-any-to-productcatalogservice.yaml ]]
+ cat
+ kubectl apply -n ob-app -f /home/shaohui.young/mesh-tracing-scripts/results/runs/20260311_155230_onlineboutique-_head-_high-_low-_delay-_service-_service-productcatalogservice-_r2-/fault/apply_fault-delay-any-to-productcatalogservice.yaml
virtualservice.networking.istio.io/fault-delay-any-to-productcatalogservice created
+ kubectl get virtualservice fault-delay-any-to-productcatalogservice -n ob-app
NAME                                       GATEWAYS   HOSTS                       AGE
fault-delay-any-to-productcatalogservice              ["productcatalogservice"]   0s
+ sleep 20
+ after_p95=NA
+ after_err=NA
++ query_prom 'histogram_quantile(0.95, sum(rate(istio_request_duration_milliseconds_bucket{destination_service_name="productcatalogservice"}[2m])) by (le))'
+ p95_json2='{"status":"success","data":{"resultType":"vector","result":[]}}'
++ extract_prom_value
++ printf %s '{"status":"success","data":{"resultType":"vector","result":[]}}'
+ after_p95=NA
+ [[ -n /home/shaohui.young/mesh-tracing-scripts/results/runs/20260311_155230_onlineboutique-_head-_high-_low-_delay-_service-_service-productcatalogservice-_r2-/fault/apply_after_p95.json ]]
+ printf '%s\n' '{"status":"success","data":{"resultType":"vector","result":[]}}'
++ query_prom 'sum(rate(istio_requests_total{destination_service_name="productcatalogservice",response_code=~"5.."}[2m])) / clamp_min(sum(rate(istio_requests_total{destination_service_name="productcatalogservice"}[2m])), 0.0001)'
+ err_json2='{"status":"success","data":{"resultType":"vector","result":[]}}'
++ printf %s '{"status":"success","data":{"resultType":"vector","result":[]}}'
++ extract_prom_value
+ after_err=NA
+ [[ -n /home/shaohui.young/mesh-tracing-scripts/results/runs/20260311_155230_onlineboutique-_head-_high-_low-_delay-_service-_service-productcatalogservice-_r2-/fault/apply_after_error_rate.json ]]
+ printf '%s\n' '{"status":"success","data":{"resultType":"vector","result":[]}}'
+ log 'Simple runtime check via curl (inside cluster DNS): http://192.168.49.2:30301/'
+ echo '[INFO] Simple runtime check via curl (inside cluster DNS): http://192.168.49.2:30301/'
[INFO] Simple runtime check via curl (inside cluster DNS): http://192.168.49.2:30301/
+ ok=0
+ fail=0
++ seq 1 20
+ for _ in $(seq 1 20)
++ curl -s -o /dev/null -w '%{http_code}' --max-time 5 http://192.168.49.2:30301/
+ code=200
+ [[ 200 =~ ^2|3|4 ]]
+ ok=1
+ for _ in $(seq 1 20)
++ curl -s -o /dev/null -w '%{http_code}' --max-time 5 http://192.168.49.2:30301/
+ code=200
+ [[ 200 =~ ^2|3|4 ]]
+ ok=2
+ for _ in $(seq 1 20)
++ curl -s -o /dev/null -w '%{http_code}' --max-time 5 http://192.168.49.2:30301/
+ code=200
+ [[ 200 =~ ^2|3|4 ]]
+ ok=3
+ for _ in $(seq 1 20)
++ curl -s -o /dev/null -w '%{http_code}' --max-time 5 http://192.168.49.2:30301/
+ code=200
+ [[ 200 =~ ^2|3|4 ]]
+ ok=4
+ for _ in $(seq 1 20)
++ curl -s -o /dev/null -w '%{http_code}' --max-time 5 http://192.168.49.2:30301/
+ code=200
+ [[ 200 =~ ^2|3|4 ]]
+ ok=5
+ for _ in $(seq 1 20)
++ curl -s -o /dev/null -w '%{http_code}' --max-time 5 http://192.168.49.2:30301/
+ code=200
+ [[ 200 =~ ^2|3|4 ]]
+ ok=6
+ for _ in $(seq 1 20)
++ curl -s -o /dev/null -w '%{http_code}' --max-time 5 http://192.168.49.2:30301/
+ code=200
+ [[ 200 =~ ^2|3|4 ]]
+ ok=7
+ for _ in $(seq 1 20)
++ curl -s -o /dev/null -w '%{http_code}' --max-time 5 http://192.168.49.2:30301/
+ code=200
+ [[ 200 =~ ^2|3|4 ]]
+ ok=8
+ for _ in $(seq 1 20)
++ curl -s -o /dev/null -w '%{http_code}' --max-time 5 http://192.168.49.2:30301/
+ code=200
+ [[ 200 =~ ^2|3|4 ]]
+ ok=9
+ for _ in $(seq 1 20)
++ curl -s -o /dev/null -w '%{http_code}' --max-time 5 http://192.168.49.2:30301/
+ code=200
+ [[ 200 =~ ^2|3|4 ]]
+ ok=10
+ for _ in $(seq 1 20)
++ curl -s -o /dev/null -w '%{http_code}' --max-time 5 http://192.168.49.2:30301/
+ code=200
+ [[ 200 =~ ^2|3|4 ]]
+ ok=11
+ for _ in $(seq 1 20)
++ curl -s -o /dev/null -w '%{http_code}' --max-time 5 http://192.168.49.2:30301/
+ code=200
+ [[ 200 =~ ^2|3|4 ]]
+ ok=12
+ for _ in $(seq 1 20)
++ curl -s -o /dev/null -w '%{http_code}' --max-time 5 http://192.168.49.2:30301/
+ code=200
+ [[ 200 =~ ^2|3|4 ]]
+ ok=13
+ for _ in $(seq 1 20)
++ curl -s -o /dev/null -w '%{http_code}' --max-time 5 http://192.168.49.2:30301/
+ code=200
+ [[ 200 =~ ^2|3|4 ]]
+ ok=14
+ for _ in $(seq 1 20)
++ curl -s -o /dev/null -w '%{http_code}' --max-time 5 http://192.168.49.2:30301/
+ code=200
+ [[ 200 =~ ^2|3|4 ]]
+ ok=15
+ for _ in $(seq 1 20)
++ curl -s -o /dev/null -w '%{http_code}' --max-time 5 http://192.168.49.2:30301/
+ code=200
+ [[ 200 =~ ^2|3|4 ]]
+ ok=16
+ for _ in $(seq 1 20)
++ curl -s -o /dev/null -w '%{http_code}' --max-time 5 http://192.168.49.2:30301/
+ code=200
+ [[ 200 =~ ^2|3|4 ]]
+ ok=17
+ for _ in $(seq 1 20)
++ curl -s -o /dev/null -w '%{http_code}' --max-time 5 http://192.168.49.2:30301/
+ code=200
+ [[ 200 =~ ^2|3|4 ]]
+ ok=18
+ for _ in $(seq 1 20)
++ curl -s -o /dev/null -w '%{http_code}' --max-time 5 http://192.168.49.2:30301/
+ code=200
+ [[ 200 =~ ^2|3|4 ]]
+ ok=19
+ for _ in $(seq 1 20)
++ curl -s -o /dev/null -w '%{http_code}' --max-time 5 http://192.168.49.2:30301/
+ code=200
+ [[ 200 =~ ^2|3|4 ]]
+ ok=20
++ [[ true == true ]]
++ echo apply
+ echo 'Fault action: apply'
Fault action: apply
+ echo 'Fault name: fault-delay-any-to-productcatalogservice'
Fault name: fault-delay-any-to-productcatalogservice
+ echo 'Fault type: delay'
Fault type: delay
+ echo 'Namespace: ob-app'
Namespace: ob-app
+ echo 'Source service: any'
Source service: any
+ echo 'Target service: productcatalogservice'
Target service: productcatalogservice
+ echo 'Prometheus P95 before/after: NA -> NA'
Prometheus P95 before/after: NA -> NA
+ echo 'Prometheus error_rate before/after: NA -> NA'
Prometheus error_rate before/after: NA -> NA
+ echo 'Curl success/fail (20 req): 20/0'
Curl success/fail (20 req): 20/0
+ echo 'Prometheus query (P95): histogram_quantile(0.95, sum(rate(istio_request_duration_milliseconds_bucket{destination_service_name="productcatalogservice"}[2m])) by (le))'
Prometheus query (P95): histogram_quantile(0.95, sum(rate(istio_request_duration_milliseconds_bucket{destination_service_name="productcatalogservice"}[2m])) by (le))
+ echo 'Prometheus query (error rate): sum(rate(istio_requests_total{destination_service_name="productcatalogservice",response_code=~"5.."}[2m])) / clamp_min(sum(rate(istio_requests_total{destination_service_name="productcatalogservice"}[2m])), 0.0001)'
Prometheus query (error rate): sum(rate(istio_requests_total{destination_service_name="productcatalogservice",response_code=~"5.."}[2m])) / clamp_min(sum(rate(istio_requests_total{destination_service_name="productcatalogservice"}[2m])), 0.0001)
+ [[ -n /home/shaohui.young/mesh-tracing-scripts/results/runs/20260311_155230_onlineboutique-_head-_high-_low-_delay-_service-_service-productcatalogservice-_r2-/fault ]]
+ python3 - /home/shaohui.young/mesh-tracing-scripts/results/runs/20260311_155230_onlineboutique-_head-_high-_low-_delay-_service-_service-productcatalogservice-_r2-/fault/apply_summary.json fault-delay-any-to-productcatalogservice apply delay ob-app '' productcatalogservice 200 500 10 http://192.168.49.2:30301/ NA NA NA NA 20 0 'histogram_quantile(0.95, sum(rate(istio_request_duration_milliseconds_bucket{destination_service_name="productcatalogservice"}[2m])) by (le))' 'sum(rate(istio_requests_total{destination_service_name="productcatalogservice",response_code=~"5.."}[2m])) / clamp_min(sum(rate(istio_requests_total{destination_service_name="productcatalogservice"}[2m])), 0.0001)' /home/shaohui.young/mesh-tracing-scripts/results/runs/20260311_155230_onlineboutique-_head-_high-_low-_delay-_service-_service-productcatalogservice-_r2-/fault/apply_before_p95.json /home/shaohui.young/mesh-tracing-scripts/results/runs/20260311_155230_onlineboutique-_head-_high-_low-_delay-_service-_service-productcatalogservice-_r2-/fault/apply_after_p95.json /home/shaohui.young/mesh-tracing-scripts/results/runs/20260311_155230_onlineboutique-_head-_high-_low-_delay-_service-_service-productcatalogservice-_r2-/fault/apply_before_error_rate.json /home/shaohui.young/mesh-tracing-scripts/results/runs/20260311_155230_onlineboutique-_head-_high-_low-_delay-_service-_service-productcatalogservice-_r2-/fault/apply_after_error_rate.json /home/shaohui.young/mesh-tracing-scripts/results/runs/20260311_155230_onlineboutique-_head-_high-_low-_delay-_service-_service-productcatalogservice-_r2-/fault/apply_fault-delay-any-to-productcatalogservice.yaml
+ kill 753037
+ trap - EXIT
+ log 'Fault operation completed. Log file: /home/shaohui.young/mesh-tracing-scripts/results/fault.log'
+ echo '[INFO] Fault operation completed. Log file: /home/shaohui.young/mesh-tracing-scripts/results/fault.log'
[INFO] Fault operation completed. Log file: /home/shaohui.young/mesh-tracing-scripts/results/fault.log
+ FAULT_APPLIED=true
+ sleep 36
+ bash /home/shaohui.young/mesh-tracing-scripts/scripts/05_inject_fault.sh --clear --fault delay --target_service productcatalogservice --namespace ob-app --obs-namespace observability --target_url http://192.168.49.2:30301/ --output-dir /home/shaohui.young/mesh-tracing-scripts/results/runs/20260311_155230_onlineboutique-_head-_high-_low-_delay-_service-_service-productcatalogservice-_r2-
+ [[ -n /home/shaohui.young/mesh-tracing-scripts/results/runs/20260311_155230_onlineboutique-_head-_high-_low-_delay-_service-_service-productcatalogservice-_r2- ]]
+ case "${OUTPUT_DIR}" in
+ FAULT_DIR=/home/shaohui.young/mesh-tracing-scripts/results/runs/20260311_155230_onlineboutique-_head-_high-_low-_delay-_service-_service-productcatalogservice-_r2-/fault
+ mkdir -p /home/shaohui.young/mesh-tracing-scripts/results/runs/20260311_155230_onlineboutique-_head-_high-_low-_delay-_service-_service-productcatalogservice-_r2-/fault
+ kubectl get svc productcatalogservice -n ob-app
+ [[ -n '' ]]
+ [[ -z http://192.168.49.2:30301/ ]]
+ before_p95=NA
+ before_err=NA
+ PROM_PF_PID=753799
+ kubectl -n observability port-forward svc/obs-kube-prometheus-stack-prometheus 19092:9090
+ trap 'kill ${PROM_PF_PID:-} >/dev/null 2>&1 || true' EXIT
+ sleep 3
+ P95_QUERY='histogram_quantile(0.95, sum(rate(istio_request_duration_milliseconds_bucket{destination_service_name="productcatalogservice"}[2m])) by (le))'
+ ERR_QUERY='sum(rate(istio_requests_total{destination_service_name="productcatalogservice",response_code=~"5.."}[2m])) / clamp_min(sum(rate(istio_requests_total{destination_service_name="productcatalogservice"}[2m])), 0.0001)'
+ BEFORE_P95_FILE=
+ BEFORE_ERR_FILE=
+ AFTER_P95_FILE=
+ AFTER_ERR_FILE=
+ RENDERED_FILE=
+ [[ -n /home/shaohui.young/mesh-tracing-scripts/results/runs/20260311_155230_onlineboutique-_head-_high-_low-_delay-_service-_service-productcatalogservice-_r2-/fault ]]
+ BEFORE_P95_FILE=/home/shaohui.young/mesh-tracing-scripts/results/runs/20260311_155230_onlineboutique-_head-_high-_low-_delay-_service-_service-productcatalogservice-_r2-/fault/clear_before_p95.json
+ BEFORE_ERR_FILE=/home/shaohui.young/mesh-tracing-scripts/results/runs/20260311_155230_onlineboutique-_head-_high-_low-_delay-_service-_service-productcatalogservice-_r2-/fault/clear_before_error_rate.json
+ AFTER_P95_FILE=/home/shaohui.young/mesh-tracing-scripts/results/runs/20260311_155230_onlineboutique-_head-_high-_low-_delay-_service-_service-productcatalogservice-_r2-/fault/clear_after_p95.json
+ AFTER_ERR_FILE=/home/shaohui.young/mesh-tracing-scripts/results/runs/20260311_155230_onlineboutique-_head-_high-_low-_delay-_service-_service-productcatalogservice-_r2-/fault/clear_after_error_rate.json
+ RENDERED_FILE=/home/shaohui.young/mesh-tracing-scripts/results/runs/20260311_155230_onlineboutique-_head-_high-_low-_delay-_service-_service-productcatalogservice-_r2-/fault/clear_fault-delay-any-to-productcatalogservice.yaml
++ query_prom 'histogram_quantile(0.95, sum(rate(istio_request_duration_milliseconds_bucket{destination_service_name="productcatalogservice"}[2m])) by (le))'
+ p95_json='{"status":"success","data":{"resultType":"vector","result":[]}}'
++ extract_prom_value
++ printf %s '{"status":"success","data":{"resultType":"vector","result":[]}}'
+ before_p95=NA
+ [[ -n /home/shaohui.young/mesh-tracing-scripts/results/runs/20260311_155230_onlineboutique-_head-_high-_low-_delay-_service-_service-productcatalogservice-_r2-/fault/clear_before_p95.json ]]
+ printf '%s\n' '{"status":"success","data":{"resultType":"vector","result":[]}}'
++ query_prom 'sum(rate(istio_requests_total{destination_service_name="productcatalogservice",response_code=~"5.."}[2m])) / clamp_min(sum(rate(istio_requests_total{destination_service_name="productcatalogservice"}[2m])), 0.0001)'
+ err_json='{"status":"success","data":{"resultType":"vector","result":[]}}'
++ printf %s '{"status":"success","data":{"resultType":"vector","result":[]}}'
++ extract_prom_value
+ before_err=NA
+ [[ -n /home/shaohui.young/mesh-tracing-scripts/results/runs/20260311_155230_onlineboutique-_head-_high-_low-_delay-_service-_service-productcatalogservice-_r2-/fault/clear_before_error_rate.json ]]
+ printf '%s\n' '{"status":"success","data":{"resultType":"vector","result":[]}}'
+ [[ false == true ]]
+ kubectl delete virtualservice fault-delay-any-to-productcatalogservice -n ob-app --ignore-not-found
virtualservice.networking.istio.io "fault-delay-any-to-productcatalogservice" deleted from ob-app namespace
+ sleep 20
+ after_p95=NA
+ after_err=NA
++ query_prom 'histogram_quantile(0.95, sum(rate(istio_request_duration_milliseconds_bucket{destination_service_name="productcatalogservice"}[2m])) by (le))'
+ p95_json2='{"status":"success","data":{"resultType":"vector","result":[]}}'
++ printf %s '{"status":"success","data":{"resultType":"vector","result":[]}}'
++ extract_prom_value
+ after_p95=NA
+ [[ -n /home/shaohui.young/mesh-tracing-scripts/results/runs/20260311_155230_onlineboutique-_head-_high-_low-_delay-_service-_service-productcatalogservice-_r2-/fault/clear_after_p95.json ]]
+ printf '%s\n' '{"status":"success","data":{"resultType":"vector","result":[]}}'
++ query_prom 'sum(rate(istio_requests_total{destination_service_name="productcatalogservice",response_code=~"5.."}[2m])) / clamp_min(sum(rate(istio_requests_total{destination_service_name="productcatalogservice"}[2m])), 0.0001)'
+ err_json2='{"status":"success","data":{"resultType":"vector","result":[]}}'
++ printf %s '{"status":"success","data":{"resultType":"vector","result":[]}}'
++ extract_prom_value
+ after_err=NA
+ [[ -n /home/shaohui.young/mesh-tracing-scripts/results/runs/20260311_155230_onlineboutique-_head-_high-_low-_delay-_service-_service-productcatalogservice-_r2-/fault/clear_after_error_rate.json ]]
+ printf '%s\n' '{"status":"success","data":{"resultType":"vector","result":[]}}'
+ log 'Simple runtime check via curl (inside cluster DNS): http://192.168.49.2:30301/'
+ echo '[INFO] Simple runtime check via curl (inside cluster DNS): http://192.168.49.2:30301/'
[INFO] Simple runtime check via curl (inside cluster DNS): http://192.168.49.2:30301/
+ ok=0
+ fail=0
++ seq 1 20
+ for _ in $(seq 1 20)
++ curl -s -o /dev/null -w '%{http_code}' --max-time 5 http://192.168.49.2:30301/
+ code=200
+ [[ 200 =~ ^2|3|4 ]]
+ ok=1
+ for _ in $(seq 1 20)
++ curl -s -o /dev/null -w '%{http_code}' --max-time 5 http://192.168.49.2:30301/
+ code=200
+ [[ 200 =~ ^2|3|4 ]]
+ ok=2
+ for _ in $(seq 1 20)
++ curl -s -o /dev/null -w '%{http_code}' --max-time 5 http://192.168.49.2:30301/
+ code=200
+ [[ 200 =~ ^2|3|4 ]]
+ ok=3
+ for _ in $(seq 1 20)
++ curl -s -o /dev/null -w '%{http_code}' --max-time 5 http://192.168.49.2:30301/
+ code=200
+ [[ 200 =~ ^2|3|4 ]]
+ ok=4
+ for _ in $(seq 1 20)
++ curl -s -o /dev/null -w '%{http_code}' --max-time 5 http://192.168.49.2:30301/
+ code=200
+ [[ 200 =~ ^2|3|4 ]]
+ ok=5
+ for _ in $(seq 1 20)
++ curl -s -o /dev/null -w '%{http_code}' --max-time 5 http://192.168.49.2:30301/
+ code=200
+ [[ 200 =~ ^2|3|4 ]]
+ ok=6
+ for _ in $(seq 1 20)
++ curl -s -o /dev/null -w '%{http_code}' --max-time 5 http://192.168.49.2:30301/
+ code=200
+ [[ 200 =~ ^2|3|4 ]]
+ ok=7
+ for _ in $(seq 1 20)
++ curl -s -o /dev/null -w '%{http_code}' --max-time 5 http://192.168.49.2:30301/
+ code=200
+ [[ 200 =~ ^2|3|4 ]]
+ ok=8
+ for _ in $(seq 1 20)
++ curl -s -o /dev/null -w '%{http_code}' --max-time 5 http://192.168.49.2:30301/
+ code=200
+ [[ 200 =~ ^2|3|4 ]]
+ ok=9
+ for _ in $(seq 1 20)
++ curl -s -o /dev/null -w '%{http_code}' --max-time 5 http://192.168.49.2:30301/
+ code=200
+ [[ 200 =~ ^2|3|4 ]]
+ ok=10
+ for _ in $(seq 1 20)
++ curl -s -o /dev/null -w '%{http_code}' --max-time 5 http://192.168.49.2:30301/
+ code=200
+ [[ 200 =~ ^2|3|4 ]]
+ ok=11
+ for _ in $(seq 1 20)
++ curl -s -o /dev/null -w '%{http_code}' --max-time 5 http://192.168.49.2:30301/
+ code=200
+ [[ 200 =~ ^2|3|4 ]]
+ ok=12
+ for _ in $(seq 1 20)
++ curl -s -o /dev/null -w '%{http_code}' --max-time 5 http://192.168.49.2:30301/
+ code=200
+ [[ 200 =~ ^2|3|4 ]]
+ ok=13
+ for _ in $(seq 1 20)
++ curl -s -o /dev/null -w '%{http_code}' --max-time 5 http://192.168.49.2:30301/
+ code=200
+ [[ 200 =~ ^2|3|4 ]]
+ ok=14
+ for _ in $(seq 1 20)
++ curl -s -o /dev/null -w '%{http_code}' --max-time 5 http://192.168.49.2:30301/
+ code=200
+ [[ 200 =~ ^2|3|4 ]]
+ ok=15
+ for _ in $(seq 1 20)
++ curl -s -o /dev/null -w '%{http_code}' --max-time 5 http://192.168.49.2:30301/
+ code=200
+ [[ 200 =~ ^2|3|4 ]]
+ ok=16
+ for _ in $(seq 1 20)
++ curl -s -o /dev/null -w '%{http_code}' --max-time 5 http://192.168.49.2:30301/
+ code=200
+ [[ 200 =~ ^2|3|4 ]]
+ ok=17
+ for _ in $(seq 1 20)
++ curl -s -o /dev/null -w '%{http_code}' --max-time 5 http://192.168.49.2:30301/
+ code=200
+ [[ 200 =~ ^2|3|4 ]]
+ ok=18
+ for _ in $(seq 1 20)
++ curl -s -o /dev/null -w '%{http_code}' --max-time 5 http://192.168.49.2:30301/
+ code=200
+ [[ 200 =~ ^2|3|4 ]]
+ ok=19
+ for _ in $(seq 1 20)
++ curl -s -o /dev/null -w '%{http_code}' --max-time 5 http://192.168.49.2:30301/
+ code=200
+ [[ 200 =~ ^2|3|4 ]]
+ ok=20
++ [[ false == true ]]
++ echo clear
+ echo 'Fault action: clear'
Fault action: clear
+ echo 'Fault name: fault-delay-any-to-productcatalogservice'
Fault name: fault-delay-any-to-productcatalogservice
+ echo 'Fault type: delay'
Fault type: delay
+ echo 'Namespace: ob-app'
Namespace: ob-app
+ echo 'Source service: any'
Source service: any
+ echo 'Target service: productcatalogservice'
Target service: productcatalogservice
+ echo 'Prometheus P95 before/after: NA -> NA'
Prometheus P95 before/after: NA -> NA
+ echo 'Prometheus error_rate before/after: NA -> NA'
Prometheus error_rate before/after: NA -> NA
+ echo 'Curl success/fail (20 req): 20/0'
Curl success/fail (20 req): 20/0
+ echo 'Prometheus query (P95): histogram_quantile(0.95, sum(rate(istio_request_duration_milliseconds_bucket{destination_service_name="productcatalogservice"}[2m])) by (le))'
Prometheus query (P95): histogram_quantile(0.95, sum(rate(istio_request_duration_milliseconds_bucket{destination_service_name="productcatalogservice"}[2m])) by (le))
+ echo 'Prometheus query (error rate): sum(rate(istio_requests_total{destination_service_name="productcatalogservice",response_code=~"5.."}[2m])) / clamp_min(sum(rate(istio_requests_total{destination_service_name="productcatalogservice"}[2m])), 0.0001)'
Prometheus query (error rate): sum(rate(istio_requests_total{destination_service_name="productcatalogservice",response_code=~"5.."}[2m])) / clamp_min(sum(rate(istio_requests_total{destination_service_name="productcatalogservice"}[2m])), 0.0001)
+ [[ -n /home/shaohui.young/mesh-tracing-scripts/results/runs/20260311_155230_onlineboutique-_head-_high-_low-_delay-_service-_service-productcatalogservice-_r2-/fault ]]
+ python3 - /home/shaohui.young/mesh-tracing-scripts/results/runs/20260311_155230_onlineboutique-_head-_high-_low-_delay-_service-_service-productcatalogservice-_r2-/fault/clear_summary.json fault-delay-any-to-productcatalogservice clear delay ob-app '' productcatalogservice 200 500 10 http://192.168.49.2:30301/ NA NA NA NA 20 0 'histogram_quantile(0.95, sum(rate(istio_request_duration_milliseconds_bucket{destination_service_name="productcatalogservice"}[2m])) by (le))' 'sum(rate(istio_requests_total{destination_service_name="productcatalogservice",response_code=~"5.."}[2m])) / clamp_min(sum(rate(istio_requests_total{destination_service_name="productcatalogservice"}[2m])), 0.0001)' /home/shaohui.young/mesh-tracing-scripts/results/runs/20260311_155230_onlineboutique-_head-_high-_low-_delay-_service-_service-productcatalogservice-_r2-/fault/clear_before_p95.json /home/shaohui.young/mesh-tracing-scripts/results/runs/20260311_155230_onlineboutique-_head-_high-_low-_delay-_service-_service-productcatalogservice-_r2-/fault/clear_after_p95.json /home/shaohui.young/mesh-tracing-scripts/results/runs/20260311_155230_onlineboutique-_head-_high-_low-_delay-_service-_service-productcatalogservice-_r2-/fault/clear_before_error_rate.json /home/shaohui.young/mesh-tracing-scripts/results/runs/20260311_155230_onlineboutique-_head-_high-_low-_delay-_service-_service-productcatalogservice-_r2-/fault/clear_after_error_rate.json /home/shaohui.young/mesh-tracing-scripts/results/runs/20260311_155230_onlineboutique-_head-_high-_low-_delay-_service-_service-productcatalogservice-_r2-/fault/clear_fault-delay-any-to-productcatalogservice.yaml
+ kill 753799
+ trap - EXIT
+ log 'Fault operation completed. Log file: /home/shaohui.young/mesh-tracing-scripts/results/fault.log'
+ echo '[INFO] Fault operation completed. Log file: /home/shaohui.young/mesh-tracing-scripts/results/fault.log'
[INFO] Fault operation completed. Log file: /home/shaohui.young/mesh-tracing-scripts/results/fault.log
++ now_epoch_ms
++ python3 -
+ FAULT_CLEAR_EPOCH_MS=1773244528378
+ FAULT_APPLIED=false
+ write_run_context
+ python3 - /home/shaohui.young/mesh-tracing-scripts/results/runs/20260311_155230_onlineboutique-_head-_high-_low-_delay-_service-_service-productcatalogservice-_r2-/run_context.json 20260311_155230_onlineboutique-_head-_high-_low-_delay-_service-_service-productcatalogservice-_r2- onlineboutique head head high high implemented low 50 60 delay service service=productcatalogservice '' productcatalogservice ob-app observability istio-system 2 '' http://192.168.49.2:30301/ 200 500 10 1773244346886 1773244359939 1773244432264 1773244528378 ''
+ kubectl wait --for=condition=complete job/loadgen-exp-155239 -n ob-app --timeout=420s
job.batch/loadgen-exp-155239 condition met
+ kubectl logs job/loadgen-exp-155239 -n ob-app
++ now_epoch_ms
++ python3 -
+ RUN_END_EPOCH_MS=1773244528969
+ [[ delay == \n\o\n\e ]]
+ write_run_context
+ python3 - /home/shaohui.young/mesh-tracing-scripts/results/runs/20260311_155230_onlineboutique-_head-_high-_low-_delay-_service-_service-productcatalogservice-_r2-/run_context.json 20260311_155230_onlineboutique-_head-_high-_low-_delay-_service-_service-productcatalogservice-_r2- onlineboutique head head high high implemented low 50 60 delay service service=productcatalogservice '' productcatalogservice ob-app observability istio-system 2 '' http://192.168.49.2:30301/ 200 500 10 1773244346886 1773244359939 1773244432264 1773244528378 1773244528969
+ python3 /home/shaohui.young/mesh-tracing-scripts/scripts/parse_fortio_output.py /home/shaohui.young/mesh-tracing-scripts/results/runs/20260311_155230_onlineboutique-_head-_high-_low-_delay-_service-_service-productcatalogservice-_r2-/load/fortio_stdout.log
+ python3 - /home/shaohui.young/mesh-tracing-scripts/results/runs/20260311_155230_onlineboutique-_head-_high-_low-_delay-_service-_service-productcatalogservice-_r2-/load/load_summary.json loadgen-exp-155239 onlineboutique ob-app 50 120 http://192.168.49.2:30301/
+ bash /home/shaohui.young/mesh-tracing-scripts/scripts/07_collect_metrics.sh --window 60 --output_dir /home/shaohui.young/mesh-tracing-scripts/results/runs/20260311_155230_onlineboutique-_head-_high-_low-_delay-_service-_service-productcatalogservice-_r2- --obs-namespace observability --app-namespace ob-app
[INFO] Collecting base cluster snapshots into /home/shaohui.young/mesh-tracing-scripts/results/runs/20260311_155230_onlineboutique-_head-_high-_low-_delay-_service-_service-productcatalogservice-_r2-/snapshots...
[INFO] Port-forward to Prometheus service obs-kube-prometheus-stack-prometheus in ns=observability...
[INFO] Dumping sampling/fault config snapshots...
[INFO] Metrics collection completed: /home/shaohui.young/mesh-tracing-scripts/results/runs/20260311_155230_onlineboutique-_head-_high-_low-_delay-_service-_service-productcatalogservice-_r2-
[INFO] Artifacts:
[INFO]   - /home/shaohui.young/mesh-tracing-scripts/results/runs/20260311_155230_onlineboutique-_head-_high-_low-_delay-_service-_service-productcatalogservice-_r2-/cost_metrics.json
[INFO]   - /home/shaohui.young/mesh-tracing-scripts/results/runs/20260311_155230_onlineboutique-_head-_high-_low-_delay-_service-_service-productcatalogservice-_r2-/metrics_raw
++ resolve_reference_run_summary
++ python3 - /home/shaohui.young/mesh-tracing-scripts/results/index.jsonl onlineboutique low 50 delay service service=productcatalogservice 2 head
+ REFERENCE_SUMMARY_FILE=/home/shaohui.young/mesh-tracing-scripts/results/runs/20260311_154845_onlineboutique-_reference-_high-_low-_delay-_service-_service-productcatalogservice-_r2-/summary.json
+ REFERENCE_RUN_ID=
+ REFERENCE_RUN_DIR=
++ resolve_entry_service
++ [[ onlineboutique == \o\n\l\i\n\e\b\o\u\t\i\q\u\e ]]
++ echo frontend.ob-app
+ ENTRY_SERVICE=frontend.ob-app
+ JAEGER_PF_PID=754292
+ sleep 3
+ kubectl -n observability port-forward svc/jaeger-query 16689:16686
+ python3 /home/shaohui.young/mesh-tracing-scripts/scripts/export_traces.py --run-dir /home/shaohui.young/mesh-tracing-scripts/results/runs/20260311_155230_onlineboutique-_head-_high-_low-_delay-_service-_service-productcatalogservice-_r2- --jaeger-url http://127.0.0.1:16689 --entry-service frontend.ob-app --start-us 1773244432264000 --end-us 1773244528378000 --output-json /home/shaohui.young/mesh-tracing-scripts/results/runs/20260311_155230_onlineboutique-_head-_high-_low-_delay-_service-_service-productcatalogservice-_r2-/utility/raw_traces/current_traces.json --output-meta /home/shaohui.young/mesh-tracing-scripts/results/runs/20260311_155230_onlineboutique-_head-_high-_low-_delay-_service-_service-productcatalogservice-_r2-/utility/raw_traces/current_trace_meta.json --limit 5000
+ REFERENCE_TRACE_ARGS=()
+ [[ -n /home/shaohui.young/mesh-tracing-scripts/results/runs/20260311_154845_onlineboutique-_reference-_high-_low-_delay-_service-_service-productcatalogservice-_r2-/summary.json ]]
+ [[ -f /home/shaohui.young/mesh-tracing-scripts/results/runs/20260311_154845_onlineboutique-_reference-_high-_low-_delay-_service-_service-productcatalogservice-_r2-/summary.json ]]
++ dirname /home/shaohui.young/mesh-tracing-scripts/results/runs/20260311_154845_onlineboutique-_reference-_high-_low-_delay-_service-_service-productcatalogservice-_r2-/summary.json
+ REFERENCE_RUN_DIR=/home/shaohui.young/mesh-tracing-scripts/results/runs/20260311_154845_onlineboutique-_reference-_high-_low-_delay-_service-_service-productcatalogservice-_r2-
++ python3 - /home/shaohui.young/mesh-tracing-scripts/results/runs/20260311_154845_onlineboutique-_reference-_high-_low-_delay-_service-_service-productcatalogservice-_r2-/summary.json
+ REFERENCE_RUN_ID=20260311_154845_onlineboutique-_reference-_high-_low-_delay-_service-_service-productcatalogservice-_r2-
+ python3 - /home/shaohui.young/mesh-tracing-scripts/results/runs/20260311_154845_onlineboutique-_reference-_high-_low-_delay-_service-_service-productcatalogservice-_r2-/run_context.json
++ python3 - /home/shaohui.young/mesh-tracing-scripts/results/runs/20260311_155230_onlineboutique-_head-_high-_low-_delay-_service-_service-productcatalogservice-_r2-/utility/reference_window.txt
+ REF_WINDOW=1773244218590,1773244317153
+ REF_START_MS=1773244218590
+ REF_END_MS=1773244317153
+ [[ -n 1773244218590 ]]
+ [[ -n 1773244317153 ]]
+ python3 /home/shaohui.young/mesh-tracing-scripts/scripts/export_traces.py --run-dir /home/shaohui.young/mesh-tracing-scripts/results/runs/20260311_154845_onlineboutique-_reference-_high-_low-_delay-_service-_service-productcatalogservice-_r2- --jaeger-url http://127.0.0.1:16689 --entry-service frontend.ob-app --start-us 1773244218590000 --end-us 1773244317153000 --output-json /home/shaohui.young/mesh-tracing-scripts/results/runs/20260311_155230_onlineboutique-_head-_high-_low-_delay-_service-_service-productcatalogservice-_r2-/utility/raw_traces/reference_traces.json --output-meta /home/shaohui.young/mesh-tracing-scripts/results/runs/20260311_155230_onlineboutique-_head-_high-_low-_delay-_service-_service-productcatalogservice-_r2-/utility/raw_traces/reference_trace_meta.json --limit 5000
+ REFERENCE_TRACE_ARGS=(--reference-run-id "${REFERENCE_RUN_ID}" --reference-traces "${OUT_DIR}/utility/raw_traces/reference_traces.json")
+ python3 /home/shaohui.young/mesh-tracing-scripts/scripts/compute_rca.py --run-dir /home/shaohui.young/mesh-tracing-scripts/results/runs/20260311_155230_onlineboutique-_head-_high-_low-_delay-_service-_service-productcatalogservice-_r2- --current-traces /home/shaohui.young/mesh-tracing-scripts/results/runs/20260311_155230_onlineboutique-_head-_high-_low-_delay-_service-_service-productcatalogservice-_r2-/utility/raw_traces/current_traces.json --reference-run-id 20260311_154845_onlineboutique-_reference-_high-_low-_delay-_service-_service-productcatalogservice-_r2- --reference-traces /home/shaohui.young/mesh-tracing-scripts/results/runs/20260311_155230_onlineboutique-_head-_high-_low-_delay-_service-_service-productcatalogservice-_r2-/utility/raw_traces/reference_traces.json
+ python3 /home/shaohui.young/mesh-tracing-scripts/scripts/compute_critical_path.py --run-dir /home/shaohui.young/mesh-tracing-scripts/results/runs/20260311_155230_onlineboutique-_head-_high-_low-_delay-_service-_service-productcatalogservice-_r2- --current-traces /home/shaohui.young/mesh-tracing-scripts/results/runs/20260311_155230_onlineboutique-_head-_high-_low-_delay-_service-_service-productcatalogservice-_r2-/utility/raw_traces/current_traces.json --reference-run-id 20260311_154845_onlineboutique-_reference-_high-_low-_delay-_service-_service-productcatalogservice-_r2- --reference-traces /home/shaohui.young/mesh-tracing-scripts/results/runs/20260311_155230_onlineboutique-_head-_high-_low-_delay-_service-_service-productcatalogservice-_r2-/utility/raw_traces/reference_traces.json
+ kill 754292
+ JAEGER_PF_PID=
+ python3 - /home/shaohui.young/mesh-tracing-scripts/results/runs/20260311_155230_onlineboutique-_head-_high-_low-_delay-_service-_service-productcatalogservice-_r2-/summary.json /home/shaohui.young/mesh-tracing-scripts/results/runs/20260311_155230_onlineboutique-_head-_high-_low-_delay-_service-_service-productcatalogservice-_r2-/run_context.json /home/shaohui.young/mesh-tracing-scripts/results/runs/20260311_155230_onlineboutique-_head-_high-_low-_delay-_service-_service-productcatalogservice-_r2-/load/load_summary.json /home/shaohui.young/mesh-tracing-scripts/results/runs/20260311_155230_onlineboutique-_head-_high-_low-_delay-_service-_service-productcatalogservice-_r2-/cost_metrics.json /home/shaohui.young/mesh-tracing-scripts/results/runs/20260311_155230_onlineboutique-_head-_high-_low-_delay-_service-_service-productcatalogservice-_r2-/utility/rca_ranking.json /home/shaohui.young/mesh-tracing-scripts/results/runs/20260311_155230_onlineboutique-_head-_high-_low-_delay-_service-_service-productcatalogservice-_r2-/utility/critical_path.json /home/shaohui.young/mesh-tracing-scripts/results/runs/20260311_155230_onlineboutique-_head-_high-_low-_delay-_service-_service-productcatalogservice-_r2-/fault/apply_summary.json /home/shaohui.young/mesh-tracing-scripts/results/runs/20260311_155230_onlineboutique-_head-_high-_low-_delay-_service-_service-productcatalogservice-_r2-/fault/clear_summary.json
+ python3 - /home/shaohui.young/mesh-tracing-scripts/results/index.jsonl /home/shaohui.young/mesh-tracing-scripts/results/runs/20260311_155230_onlineboutique-_head-_high-_low-_delay-_service-_service-productcatalogservice-_r2-/summary.json
+ echo /home/shaohui.young/mesh-tracing-scripts/results/runs/20260311_155230_onlineboutique-_head-_high-_low-_delay-_service-_service-productcatalogservice-_r2-
+ log 'Experiment completed. Result directory: /home/shaohui.young/mesh-tracing-scripts/results/runs/20260311_155230_onlineboutique-_head-_high-_low-_delay-_service-_service-productcatalogservice-_r2-'
+ echo '[INFO] Experiment completed. Result directory: /home/shaohui.young/mesh-tracing-scripts/results/runs/20260311_155230_onlineboutique-_head-_high-_low-_delay-_service-_service-productcatalogservice-_r2-'
[INFO] Experiment completed. Result directory: /home/shaohui.young/mesh-tracing-scripts/results/runs/20260311_155230_onlineboutique-_head-_high-_low-_delay-_service-_service-productcatalogservice-_r2-
+ echo RESULT_DIR=/home/shaohui.young/mesh-tracing-scripts/results/runs/20260311_155230_onlineboutique-_head-_high-_low-_delay-_service-_service-productcatalogservice-_r2-
RESULT_DIR=/home/shaohui.young/mesh-tracing-scripts/results/runs/20260311_155230_onlineboutique-_head-_high-_low-_delay-_service-_service-productcatalogservice-_r2-
+ cleanup_fault
+ kill ''
+ true
+ [[ false == true ]]
